2026-07-13 12:31:09,826 [INFO] Application starting...
2026-07-13 12:31:09,827 [INFO] Settings saved successfully.
2026-07-13 12:31:09,828 [INFO] Settings file not found. Created defaults.
2026-07-13 13:54:16,704 [INFO] Application starting...
2026-07-13 13:54:16,705 [INFO] Settings loaded successfully.
2026-07-13 13:58:13,027 [INFO] Application starting...
2026-07-13 13:58:13,027 [INFO] Settings loaded successfully.
2026-07-13 14:00:56,376 [INFO] Application starting...
2026-07-13 14:00:56,377 [INFO] Settings loaded successfully.
2026-07-13 14:09:58,623 [INFO] Application starting...
2026-07-13 14:09:58,623 [INFO] Settings loaded successfully.
2026-07-13 14:15:38,295 [INFO] Application starting...
2026-07-13 14:15:38,295 [INFO] Settings loaded successfully.
2026-07-13 14:20:45,484 [INFO] Settings saved successfully.
2026-07-13 14:20:45,485 [INFO] Settings saved successfully.
2026-07-13 14:20:45,488 [INFO] Settings saved successfully.
2026-07-13 14:23:42,365 [ERROR] Serial port connection error: ClearCommError failed (PermissionError(13, 'The device does not recognize the command.', None, 22))
2026-07-13 14:23:45,096 [INFO] Reconnecting attempt 1 in 3 seconds...
2026-07-13 14:23:48,102 [ERROR] Serial port connection error: could not open port 'COM7': FileNotFoundError(2, 'The system cannot find the file specified.', None, 2)
2026-07-13 14:23:49,953 [INFO] Reconnecting attempt 2 in 3 seconds...
2026-07-13 14:23:52,955 [ERROR] Serial port connection error: could not open port 'COM7': FileNotFoundError(2, 'The system cannot find the file specified.', None, 2)
2026-07-13 14:23:55,183 [INFO] Reconnecting attempt 3 in 3 seconds...
2026-07-13 14:23:58,187 [ERROR] Serial port connection error: could not open port 'COM7': FileNotFoundError(2, 'The system cannot find the file specified.', None, 2)
2026-07-13 14:24:00,579 [INFO] Reconnecting attempt 4 in 3 seconds...
2026-07-13 14:24:03,581 [ERROR] Serial port connection error: could not open port 'COM7': FileNotFoundError(2, 'The system cannot find the file specified.', None, 2)
2026-07-13 14:24:03,971 [INFO] Reconnecting attempt 5 in 3 seconds...
2026-07-13 14:24:06,974 [ERROR] Serial port connection error: could not open port 'COM7': FileNotFoundError(2, 'The system cannot find the file specified.', None, 2)
2026-07-13 14:24:07,230 [INFO] Reconnecting attempt 6 in 3 seconds...
2026-07-13 14:24:10,236 [ERROR] Serial port connection error: could not open port 'COM7': FileNotFoundError(2, 'The system cannot find the file specified.', None, 2)
2026-07-13 14:24:10,594 [INFO] Reconnecting attempt 7 in 3 seconds...
2026-07-13 14:24:13,596 [ERROR] Serial port connection error: could not open port 'COM7': FileNotFoundError(2, 'The system cannot find the file specified.', None, 2)
2026-07-13 14:24:13,960 [INFO] Reconnecting attempt 8 in 3 seconds...
2026-07-13 14:24:16,967 [ERROR] Serial port connection error: could not open port 'COM7': FileNotFoundError(2, 'The system cannot find the file specified.', None, 2)
2026-07-13 14:24:17,263 [INFO] Reconnecting attempt 9 in 3 seconds...
2026-07-13 14:24:20,267 [ERROR] Serial port connection error: could not open port 'COM7': FileNotFoundError(2, 'The system cannot find the file specified.', None, 2)
2026-07-13 14:24:22,287 [INFO] Reconnecting attempt 10 in 3 seconds...
2026-07-13 14:24:25,289 [ERROR] Serial port connection error: could not open port 'COM7': FileNotFoundError(2, 'The system cannot find the file specified.', None, 2)
2026-07-13 14:24:25,750 [INFO] Reconnecting attempt 11 in 3 seconds...
2026-07-13 14:24:28,753 [ERROR] Serial port connection error: could not open port 'COM7': FileNotFoundError(2, 'The system cannot find the file specified.', None, 2)
2026-07-13 14:24:29,748 [INFO] Reconnecting attempt 12 in 3 seconds...
2026-07-13 14:24:32,754 [ERROR] Serial port connection error: could not open port 'COM7': FileNotFoundError(2, 'The system cannot find the file specified.', None, 2)
2026-07-13 14:24:33,267 [INFO] Reconnecting attempt 13 in 3 seconds...
2026-07-13 14:24:36,270 [ERROR] Serial port connection error: could not open port 'COM7': FileNotFoundError(2, 'The system cannot find the file specified.', None, 2)
2026-07-13 14:24:36,761 [INFO] Reconnecting attempt 14 in 3 seconds...
2026-07-13 14:24:39,763 [ERROR] Serial port connection error: could not open port 'COM7': FileNotFoundError(2, 'The system cannot find the file specified.', None, 2)
2026-07-13 14:24:40,189 [INFO] Reconnecting attempt 15 in 3 seconds...
2026-07-13 14:24:43,193 [ERROR] Serial port connection error: could not open port 'COM7': FileNotFoundError(2, 'The system cannot find the file specified.', None, 2)
2026-07-13 14:24:44,300 [INFO] Reconnecting attempt 16 in 3 seconds...
2026-07-13 14:24:47,305 [ERROR] Serial port connection error: could not open port 'COM7': FileNotFoundError(2, 'The system cannot find the file specified.', None, 2)
2026-07-13 14:24:48,200 [INFO] Reconnecting attempt 17 in 3 seconds...
2026-07-13 14:24:51,201 [ERROR] Serial port connection error: could not open port 'COM7': FileNotFoundError(2, 'The system cannot find the file specified.', None, 2)
2026-07-13 14:24:53,056 [INFO] Reconnecting attempt 18 in 3 seconds...
2026-07-13 14:24:56,063 [ERROR] Serial port connection error: could not open port 'COM7': FileNotFoundError(2, 'The system cannot find the file specified.', None, 2)
2026-07-13 14:24:58,075 [INFO] Reconnecting attempt 19 in 3 seconds...
2026-07-13 14:25:01,085 [ERROR] Serial port connection error: could not open port 'COM7': FileNotFoundError(2, 'The system cannot find the file specified.', None, 2)
2026-07-13 14:25:04,365 [INFO] Reconnecting attempt 20 in 3 seconds...
2026-07-13 14:25:07,371 [ERROR] Serial port connection error: could not open port 'COM7': FileNotFoundError(2, 'The system cannot find the file specified.', None, 2)
2026-07-13 14:25:07,867 [INFO] Reconnecting attempt 21 in 3 seconds...
2026-07-13 14:25:10,869 [ERROR] Serial port connection error: could not open port 'COM7': FileNotFoundError(2, 'The system cannot find the file specified.', None, 2)
2026-07-13 14:25:11,146 [INFO] Reconnecting attempt 22 in 3 seconds...
2026-07-13 14:25:14,151 [ERROR] Serial port connection error: could not open port 'COM7': FileNotFoundError(2, 'The system cannot find the file specified.', None, 2)
2026-07-13 14:25:14,517 [INFO] Reconnecting attempt 23 in 3 seconds...
2026-07-13 14:25:17,521 [ERROR] Serial port connection error: could not open port 'COM7': FileNotFoundError(2, 'The system cannot find the file specified.', None, 2)
2026-07-13 14:25:17,703 [INFO] Reconnecting attempt 24 in 3 seconds...
2026-07-13 14:25:20,704 [ERROR] Serial port connection error: could not open port 'COM7': FileNotFoundError(2, 'The system cannot find the file specified.', None, 2)
2026-07-13 14:25:21,050 [INFO] Reconnecting attempt 25 in 3 seconds...
2026-07-13 14:25:24,052 [ERROR] Serial port connection error: could not open port 'COM7': FileNotFoundError(2, 'The system cannot find the file specified.', None, 2)
2026-07-13 14:25:24,462 [INFO] Reconnecting attempt 26 in 3 seconds...
2026-07-13 14:25:27,467 [ERROR] Serial port connection error: could not open port 'COM7': FileNotFoundError(2, 'The system cannot find the file specified.', None, 2)
2026-07-13 14:25:27,922 [INFO] Reconnecting attempt 27 in 3 seconds...
2026-07-13 14:25:30,925 [ERROR] Serial port connection error: could not open port 'COM7': FileNotFoundError(2, 'The system cannot find the file specified.', None, 2)
2026-07-13 14:25:31,131 [INFO] Reconnecting attempt 28 in 3 seconds...
2026-07-13 14:25:34,136 [ERROR] Serial port connection error: could not open port 'COM7': FileNotFoundError(2, 'The system cannot find the file specified.', None, 2)
2026-07-13 14:25:34,332 [INFO] Reconnecting attempt 29 in 3 seconds...
2026-07-13 14:25:37,334 [ERROR] Serial port connection error: could not open port 'COM7': FileNotFoundError(2, 'The system cannot find the file specified.', None, 2)
2026-07-13 14:25:37,510 [INFO] Reconnecting attempt 30 in 3 seconds...
2026-07-13 14:25:40,513 [ERROR] Serial port connection error: could not open port 'COM7': FileNotFoundError(2, 'The system cannot find the file specified.', None, 2)
2026-07-13 14:25:40,947 [INFO] Reconnecting attempt 31 in 3 seconds...
2026-07-13 14:25:43,948 [ERROR] Serial port connection error: could not open port 'COM7': FileNotFoundError(2, 'The system cannot find the file specified.', None, 2)
2026-07-13 14:25:44,263 [INFO] Reconnecting attempt 32 in 3 seconds...
2026-07-13 14:25:47,267 [ERROR] Serial port connection error: could not open port 'COM7': FileNotFoundError(2, 'The system cannot find the file specified.', None, 2)
2026-07-13 14:25:47,352 [INFO] Reconnecting attempt 33 in 3 seconds...
2026-07-13 14:25:50,353 [ERROR] Serial port connection error: could not open port 'COM7': FileNotFoundError(2, 'The system cannot find the file specified.', None, 2)
2026-07-13 14:25:50,596 [INFO] Reconnecting attempt 34 in 3 seconds...
2026-07-13 14:25:53,597 [ERROR] Serial port connection error: could not open port 'COM7': FileNotFoundError(2, 'The system cannot find the file specified.', None, 2)
2026-07-13 14:25:53,845 [INFO] Reconnecting attempt 35 in 3 seconds...
2026-07-13 14:25:56,848 [ERROR] Serial port connection error: could not open port 'COM7': FileNotFoundError(2, 'The system cannot find the file specified.', None, 2)
2026-07-13 14:25:57,777 [INFO] Reconnecting attempt 36 in 3 seconds...
2026-07-13 14:26:00,782 [ERROR] Serial port connection error: could not open port 'COM7': FileNotFoundError(2, 'The system cannot find the file specified.', None, 2)
2026-07-13 14:26:00,993 [INFO] Reconnecting attempt 37 in 3 seconds...
2026-07-13 14:26:03,995 [ERROR] Serial port connection error: could not open port 'COM7': FileNotFoundError(2, 'The system cannot find the file specified.', None, 2)
2026-07-13 14:26:04,434 [INFO] Reconnecting attempt 38 in 3 seconds...
2026-07-13 14:26:07,435 [ERROR] Serial port connection error: could not open port 'COM7': FileNotFoundError(2, 'The system cannot find the file specified.', None, 2)
2026-07-13 14:26:07,982 [INFO] Reconnecting attempt 39 in 3 seconds...
2026-07-13 14:26:10,985 [ERROR] Serial port connection error: could not open port 'COM7': FileNotFoundError(2, 'The system cannot find the file specified.', None, 2)
2026-07-13 14:26:11,113 [INFO] Reconnecting attempt 40 in 3 seconds...
2026-07-13 14:26:14,114 [ERROR] Serial port connection error: could not open port 'COM7': FileNotFoundError(2, 'The system cannot find the file specified.', None, 2)
2026-07-13 14:26:14,687 [INFO] Reconnecting attempt 41 in 3 seconds...
2026-07-13 14:26:17,690 [ERROR] Serial port connection error: could not open port 'COM7': FileNotFoundError(2, 'The system cannot find the file specified.', None, 2)
2026-07-13 14:26:18,179 [INFO] Reconnecting attempt 42 in 3 seconds...
2026-07-13 14:26:21,180 [ERROR] Serial port connection error: could not open port 'COM7': FileNotFoundError(2, 'The system cannot find the file specified.', None, 2)
2026-07-13 14:26:21,269 [INFO] Reconnecting attempt 43 in 3 seconds...
2026-07-13 14:26:24,269 [ERROR] Serial port connection error: could not open port 'COM7': FileNotFoundError(2, 'The system cannot find the file specified.', None, 2)
2026-07-13 14:26:24,290 [INFO] Reconnecting attempt 44 in 3 seconds...
2026-07-13 14:26:27,291 [ERROR] Serial port connection error: could not open port 'COM7': FileNotFoundError(2, 'The system cannot find the file specified.', None, 2)
2026-07-13 14:26:27,322 [INFO] Reconnecting attempt 45 in 3 seconds...
2026-07-13 14:26:30,324 [ERROR] Serial port connection error: could not open port 'COM7': FileNotFoundError(2, 'The system cannot find the file specified.', None, 2)
2026-07-13 14:26:30,360 [INFO] Reconnecting attempt 46 in 3 seconds...
2026-07-13 14:26:33,363 [ERROR] Serial port connection error: could not open port 'COM7': FileNotFoundError(2, 'The system cannot find the file specified.', None, 2)
2026-07-13 14:26:33,417 [INFO] Reconnecting attempt 47 in 3 seconds...
2026-07-13 14:26:36,418 [ERROR] Serial port connection error: could not open port 'COM7': FileNotFoundError(2, 'The system cannot find the file specified.', None, 2)
2026-07-13 14:26:36,430 [INFO] Reconnecting attempt 48 in 3 seconds...
2026-07-13 14:26:39,431 [ERROR] Serial port connection error: could not open port 'COM7': FileNotFoundError(2, 'The system cannot find the file specified.', None, 2)
2026-07-13 14:26:39,458 [INFO] Reconnecting attempt 49 in 3 seconds...
2026-07-13 14:26:42,459 [ERROR] Serial port connection error: could not open port 'COM7': FileNotFoundError(2, 'The system cannot find the file specified.', None, 2)
2026-07-13 14:26:42,471 [INFO] Reconnecting attempt 50 in 3 seconds...
2026-07-13 14:26:45,472 [ERROR] Serial port connection error: could not open port 'COM7': FileNotFoundError(2, 'The system cannot find the file specified.', None, 2)
2026-07-13 14:26:45,510 [INFO] Reconnecting attempt 51 in 3 seconds...
2026-07-13 14:26:48,511 [ERROR] Serial port connection error: could not open port 'COM7': FileNotFoundError(2, 'The system cannot find the file specified.', None, 2)
2026-07-13 14:26:48,541 [INFO] Reconnecting attempt 52 in 3 seconds...
2026-07-13 14:26:51,544 [ERROR] Serial port connection error: could not open port 'COM7': FileNotFoundError(2, 'The system cannot find the file specified.', None, 2)
2026-07-13 14:26:51,578 [INFO] Reconnecting attempt 53 in 3 seconds...
2026-07-13 14:26:54,579 [ERROR] Serial port connection error: could not open port 'COM7': FileNotFoundError(2, 'The system cannot find the file specified.', None, 2)
2026-07-13 14:26:54,605 [INFO] Reconnecting attempt 54 in 3 seconds...
2026-07-13 14:26:57,606 [ERROR] Serial port connection error: could not open port 'COM7': FileNotFoundError(2, 'The system cannot find the file specified.', None, 2)
2026-07-13 14:26:57,638 [INFO] Reconnecting attempt 55 in 3 seconds...
2026-07-13 14:27:00,639 [ERROR] Serial port connection error: could not open port 'COM7': FileNotFoundError(2, 'The system cannot find the file specified.', None, 2)
2026-07-13 14:27:00,681 [INFO] Reconnecting attempt 56 in 3 seconds...
2026-07-13 14:27:03,684 [ERROR] Serial port connection error: could not open port 'COM7': FileNotFoundError(2, 'The system cannot find the file specified.', None, 2)
2026-07-13 14:27:03,705 [INFO] Reconnecting attempt 57 in 3 seconds...
2026-07-13 14:27:06,706 [ERROR] Serial port connection error: could not open port 'COM7': FileNotFoundError(2, 'The system cannot find the file specified.', None, 2)
2026-07-13 14:27:06,715 [INFO] Reconnecting attempt 58 in 3 seconds...
2026-07-13 14:27:09,716 [ERROR] Serial port connection error: could not open port 'COM7': FileNotFoundError(2, 'The system cannot find the file specified.', None, 2)
2026-07-13 14:27:09,767 [INFO] Reconnecting attempt 59 in 3 seconds...
2026-07-13 14:27:12,771 [ERROR] Serial port connection error: could not open port 'COM7': FileNotFoundError(2, 'The system cannot find the file specified.', None, 2)
2026-07-13 14:27:12,776 [INFO] Reconnecting attempt 60 in 3 seconds...
2026-07-13 14:27:15,777 [ERROR] Serial port connection error: could not open port 'COM7': FileNotFoundError(2, 'The system cannot find the file specified.', None, 2)
2026-07-13 14:27:15,809 [INFO] Reconnecting attempt 61 in 3 seconds...
2026-07-13 14:27:18,811 [ERROR] Serial port connection error: could not open port 'COM7': FileNotFoundError(2, 'The system cannot find the file specified.', None, 2)
2026-07-13 14:27:18,828 [INFO] Reconnecting attempt 62 in 3 seconds...
2026-07-13 14:27:21,829 [ERROR] Serial port connection error: could not open port 'COM7': FileNotFoundError(2, 'The system cannot find the file specified.', None, 2)
2026-07-13 14:27:21,864 [INFO] Reconnecting attempt 63 in 3 seconds...
2026-07-13 14:27:24,869 [ERROR] Serial port connection error: could not open port 'COM7': FileNotFoundError(2, 'The system cannot find the file specified.', None, 2)
2026-07-13 14:27:24,907 [INFO] Reconnecting attempt 64 in 3 seconds...
2026-07-13 14:27:27,909 [ERROR] Serial port connection error: could not open port 'COM7': FileNotFoundError(2, 'The system cannot find the file specified.', None, 2)
2026-07-13 14:27:27,947 [INFO] Reconnecting attempt 65 in 3 seconds...
2026-07-13 14:27:30,949 [ERROR] Serial port connection error: could not open port 'COM7': FileNotFoundError(2, 'The system cannot find the file specified.', None, 2)
2026-07-13 14:27:30,983 [INFO] Reconnecting attempt 66 in 3 seconds...
2026-07-13 14:27:33,985 [ERROR] Serial port connection error: could not open port 'COM7': FileNotFoundError(2, 'The system cannot find the file specified.', None, 2)
2026-07-13 14:27:34,016 [INFO] Reconnecting attempt 67 in 3 seconds...
2026-07-13 14:27:37,018 [ERROR] Serial port connection error: could not open port 'COM7': FileNotFoundError(2, 'The system cannot find the file specified.', None, 2)
2026-07-13 14:27:37,046 [INFO] Reconnecting attempt 68 in 3 seconds...
2026-07-13 14:27:40,049 [ERROR] Serial port connection error: could not open port 'COM7': FileNotFoundError(2, 'The system cannot find the file specified.', None, 2)
2026-07-13 14:27:40,078 [INFO] Reconnecting attempt 69 in 3 seconds...
2026-07-13 14:27:43,079 [ERROR] Serial port connection error: could not open port 'COM7': FileNotFoundError(2, 'The system cannot find the file specified.', None, 2)
2026-07-13 14:27:43,122 [INFO] Reconnecting attempt 70 in 3 seconds...
2026-07-13 14:27:46,125 [ERROR] Serial port connection error: could not open port 'COM7': FileNotFoundError(2, 'The system cannot find the file specified.', None, 2)
2026-07-13 14:27:46,168 [INFO] Reconnecting attempt 71 in 3 seconds...
2026-07-13 14:27:49,170 [ERROR] Serial port connection error: could not open port 'COM7': FileNotFoundError(2, 'The system cannot find the file specified.', None, 2)
2026-07-13 14:27:49,198 [INFO] Reconnecting attempt 72 in 3 seconds...
2026-07-13 14:27:52,199 [ERROR] Serial port connection error: could not open port 'COM7': FileNotFoundError(2, 'The system cannot find the file specified.', None, 2)
2026-07-13 14:27:52,227 [INFO] Reconnecting attempt 73 in 3 seconds...
2026-07-13 14:27:55,229 [ERROR] Serial port connection error: could not open port 'COM7': FileNotFoundError(2, 'The system cannot find the file specified.', None, 2)
2026-07-13 14:27:55,261 [INFO] Reconnecting attempt 74 in 3 seconds...
2026-07-13 14:27:58,261 [ERROR] Serial port connection error: could not open port 'COM7': FileNotFoundError(2, 'The system cannot find the file specified.', None, 2)
2026-07-13 14:27:58,293 [INFO] Reconnecting attempt 75 in 3 seconds...
2026-07-13 14:28:01,295 [ERROR] Serial port connection error: could not open port 'COM7': FileNotFoundError(2, 'The system cannot find the file specified.', None, 2)
2026-07-13 14:28:01,335 [INFO] Reconnecting attempt 76 in 3 seconds...
2026-07-13 14:28:04,338 [ERROR] Serial port connection error: could not open port 'COM7': FileNotFoundError(2, 'The system cannot find the file specified.', None, 2)
2026-07-13 14:28:04,364 [INFO] Reconnecting attempt 77 in 3 seconds...
2026-07-13 14:28:07,365 [ERROR] Serial port connection error: could not open port 'COM7': FileNotFoundError(2, 'The system cannot find the file specified.', None, 2)
2026-07-13 14:28:07,384 [INFO] Reconnecting attempt 78 in 3 seconds...
2026-07-13 14:28:10,386 [ERROR] Serial port connection error: could not open port 'COM7': FileNotFoundError(2, 'The system cannot find the file specified.', None, 2)
2026-07-13 14:28:10,422 [INFO] Reconnecting attempt 79 in 3 seconds...
2026-07-13 14:28:13,423 [ERROR] Serial port connection error: could not open port 'COM7': FileNotFoundError(2, 'The system cannot find the file specified.', None, 2)
2026-07-13 14:28:13,448 [INFO] Reconnecting attempt 80 in 3 seconds...
2026-07-13 14:28:16,455 [ERROR] Serial port connection error: could not open port 'COM7': FileNotFoundError(2, 'The system cannot find the file specified.', None, 2)
2026-07-13 14:28:16,480 [INFO] Reconnecting attempt 81 in 3 seconds...
2026-07-13 14:28:19,481 [ERROR] Serial port connection error: could not open port 'COM7': FileNotFoundError(2, 'The system cannot find the file specified.', None, 2)
2026-07-13 14:28:19,503 [INFO] Reconnecting attempt 82 in 3 seconds...
2026-07-13 14:28:22,504 [ERROR] Serial port connection error: could not open port 'COM7': FileNotFoundError(2, 'The system cannot find the file specified.', None, 2)
2026-07-13 14:28:22,541 [INFO] Reconnecting attempt 83 in 3 seconds...
2026-07-13 14:28:25,542 [ERROR] Serial port connection error: could not open port 'COM7': FileNotFoundError(2, 'The system cannot find the file specified.', None, 2)
2026-07-13 14:28:25,577 [INFO] Reconnecting attempt 84 in 3 seconds...
2026-07-13 14:28:28,579 [ERROR] Serial port connection error: could not open port 'COM7': FileNotFoundError(2, 'The system cannot find the file specified.', None, 2)
2026-07-13 14:28:28,606 [INFO] Reconnecting attempt 85 in 3 seconds...
2026-07-13 14:28:31,608 [ERROR] Serial port connection error: could not open port 'COM7': FileNotFoundError(2, 'The system cannot find the file specified.', None, 2)
2026-07-13 14:28:31,644 [INFO] Reconnecting attempt 86 in 3 seconds...
2026-07-13 14:28:34,645 [ERROR] Serial port connection error: could not open port 'COM7': FileNotFoundError(2, 'The system cannot find the file specified.', None, 2)
2026-07-13 14:28:34,687 [INFO] Reconnecting attempt 87 in 3 seconds...
2026-07-13 14:28:37,691 [ERROR] Serial port connection error: could not open port 'COM7': FileNotFoundError(2, 'The system cannot find the file specified.', None, 2)
2026-07-13 14:28:37,728 [INFO] Reconnecting attempt 88 in 3 seconds...
2026-07-13 14:28:40,729 [ERROR] Serial port connection error: could not open port 'COM7': FileNotFoundError(2, 'The system cannot find the file specified.', None, 2)
2026-07-13 14:28:40,772 [INFO] Reconnecting attempt 89 in 3 seconds...
2026-07-13 14:28:43,773 [ERROR] Serial port connection error: could not open port 'COM7': FileNotFoundError(2, 'The system cannot find the file specified.', None, 2)
2026-07-13 14:28:43,787 [INFO] Reconnecting attempt 90 in 3 seconds...
2026-07-13 14:28:46,789 [ERROR] Serial port connection error: could not open port 'COM7': FileNotFoundError(2, 'The system cannot find the file specified.', None, 2)
2026-07-13 14:28:46,827 [INFO] Reconnecting attempt 91 in 3 seconds...
2026-07-13 14:28:49,829 [ERROR] Serial port connection error: could not open port 'COM7': FileNotFoundError(2, 'The system cannot find the file specified.', None, 2)
2026-07-13 14:28:49,860 [INFO] Reconnecting attempt 92 in 3 seconds...
2026-07-13 14:28:52,861 [ERROR] Serial port connection error: could not open port 'COM7': FileNotFoundError(2, 'The system cannot find the file specified.', None, 2)
2026-07-13 14:28:52,873 [INFO] Reconnecting attempt 93 in 3 seconds...
2026-07-13 14:28:55,875 [ERROR] Serial port connection error: could not open port 'COM7': FileNotFoundError(2, 'The system cannot find the file specified.', None, 2)
2026-07-13 14:28:55,916 [INFO] Reconnecting attempt 94 in 3 seconds...
2026-07-13 14:28:58,925 [ERROR] Serial port connection error: could not open port 'COM7': FileNotFoundError(2, 'The system cannot find the file specified.', None, 2)
2026-07-13 14:28:58,956 [INFO] Reconnecting attempt 95 in 3 seconds...
2026-07-13 14:29:01,959 [ERROR] Serial port connection error: could not open port 'COM7': FileNotFoundError(2, 'The system cannot find the file specified.', None, 2)
2026-07-13 14:29:01,986 [INFO] Reconnecting attempt 96 in 3 seconds...
2026-07-13 14:29:04,988 [ERROR] Serial port connection error: could not open port 'COM7': FileNotFoundError(2, 'The system cannot find the file specified.', None, 2)
2026-07-13 14:29:05,034 [INFO] Reconnecting attempt 97 in 3 seconds...
2026-07-13 14:29:08,035 [ERROR] Serial port connection error: could not open port 'COM7': FileNotFoundError(2, 'The system cannot find the file specified.', None, 2)
2026-07-13 14:29:08,103 [INFO] Reconnecting attempt 98 in 3 seconds...
2026-07-13 14:29:11,105 [ERROR] Serial port connection error: could not open port 'COM7': FileNotFoundError(2, 'The system cannot find the file specified.', None, 2)
2026-07-13 14:29:11,135 [INFO] Reconnecting attempt 99 in 3 seconds...
2026-07-13 14:29:14,142 [ERROR] Serial port connection error: could not open port 'COM7': FileNotFoundError(2, 'The system cannot find the file specified.', None, 2)
2026-07-13 14:29:14,165 [INFO] Reconnecting attempt 100 in 3 seconds...
2026-07-13 14:29:17,167 [ERROR] Serial port connection error: could not open port 'COM7': FileNotFoundError(2, 'The system cannot find the file specified.', None, 2)
2026-07-13 14:29:17,215 [INFO] Reconnecting attempt 101 in 3 seconds...
2026-07-13 14:29:20,216 [ERROR] Serial port connection error: could not open port 'COM7': FileNotFoundError(2, 'The system cannot find the file specified.', None, 2)
2026-07-13 14:29:20,266 [INFO] Reconnecting attempt 102 in 3 seconds...
2026-07-13 14:29:23,268 [ERROR] Serial port connection error: could not open port 'COM7': FileNotFoundError(2, 'The system cannot find the file specified.', None, 2)
2026-07-13 14:29:23,444 [INFO] Reconnecting attempt 103 in 3 seconds...
2026-07-13 14:29:26,451 [ERROR] Serial port connection error: could not open port 'COM7': FileNotFoundError(2, 'The system cannot find the file specified.', None, 2)
2026-07-13 14:29:26,492 [INFO] Reconnecting attempt 104 in 3 seconds...
2026-07-13 14:29:29,498 [ERROR] Serial port connection error: could not open port 'COM7': FileNotFoundError(2, 'The system cannot find the file specified.', None, 2)
2026-07-13 14:29:29,571 [INFO] Reconnecting attempt 105 in 3 seconds...
2026-07-13 14:29:32,572 [ERROR] Serial port connection error: could not open port 'COM7': FileNotFoundError(2, 'The system cannot find the file specified.', None, 2)
2026-07-13 14:29:32,612 [INFO] Reconnecting attempt 106 in 3 seconds...
2026-07-13 14:29:35,613 [ERROR] Serial port connection error: could not open port 'COM7': FileNotFoundError(2, 'The system cannot find the file specified.', None, 2)
2026-07-13 14:29:35,632 [INFO] Reconnecting attempt 107 in 3 seconds...
2026-07-13 14:29:38,634 [ERROR] Serial port connection error: could not open port 'COM7': FileNotFoundError(2, 'The system cannot find the file specified.', None, 2)
2026-07-13 14:29:38,674 [INFO] Reconnecting attempt 108 in 3 seconds...
2026-07-13 14:29:41,678 [ERROR] Serial port connection error: could not open port 'COM7': FileNotFoundError(2, 'The system cannot find the file specified.', None, 2)
2026-07-13 14:29:41,744 [INFO] Reconnecting attempt 109 in 3 seconds...
2026-07-13 14:29:44,751 [INFO] Disconnected from serial port.
2026-07-13 14:29:46,478 [INFO] Settings saved successfully.
2026-07-13 14:29:46,479 [INFO] Settings saved successfully.
2026-07-13 14:29:46,480 [INFO] Settings saved successfully.
2026-07-13 14:29:46,500 [ERROR] Serial port connection error: could not open port 'COM7': FileNotFoundError(2, 'The system cannot find the file specified.', None, 2)
2026-07-13 14:29:46,548 [INFO] Reconnecting attempt 110 in 3 seconds...
2026-07-13 14:29:49,549 [ERROR] Serial port connection error: could not open port 'COM7': FileNotFoundError(2, 'The system cannot find the file specified.', None, 2)
2026-07-13 14:29:49,598 [INFO] Reconnecting attempt 111 in 3 seconds...
2026-07-13 14:29:52,599 [ERROR] Serial port connection error: could not open port 'COM7': FileNotFoundError(2, 'The system cannot find the file specified.', None, 2)
2026-07-13 14:29:52,691 [INFO] Reconnecting attempt 112 in 3 seconds...
2026-07-13 14:29:55,692 [ERROR] Serial port connection error: could not open port 'COM7': FileNotFoundError(2, 'The system cannot find the file specified.', None, 2)
2026-07-13 14:29:55,720 [INFO] Reconnecting attempt 113 in 3 seconds...
2026-07-13 14:29:58,729 [ERROR] Serial port connection error: could not open port 'COM7': FileNotFoundError(2, 'The system cannot find the file specified.', None, 2)
2026-07-13 14:29:59,427 [INFO] Reconnecting attempt 114 in 3 seconds...
2026-07-13 14:30:02,433 [ERROR] Serial port connection error: could not open port 'COM7': FileNotFoundError(2, 'The system cannot find the file specified.', None, 2)
2026-07-13 14:30:02,970 [INFO] Reconnecting attempt 115 in 3 seconds...
2026-07-13 14:30:05,972 [ERROR] Serial port connection error: could not open port 'COM7': FileNotFoundError(2, 'The system cannot find the file specified.', None, 2)
2026-07-13 14:30:07,493 [INFO] Reconnecting attempt 116 in 3 seconds...
2026-07-13 14:30:10,496 [ERROR] Serial port connection error: could not open port 'COM7': FileNotFoundError(2, 'The system cannot find the file specified.', None, 2)
2026-07-13 14:30:11,026 [INFO] Reconnecting attempt 117 in 3 seconds...
2026-07-13 14:30:14,040 [ERROR] Serial port connection error: could not open port 'COM7': FileNotFoundError(2, 'The system cannot find the file specified.', None, 2)
2026-07-13 14:30:14,915 [INFO] Reconnecting attempt 118 in 3 seconds...
2026-07-13 14:30:17,922 [ERROR] Serial port connection error: could not open port 'COM7': FileNotFoundError(2, 'The system cannot find the file specified.', None, 2)
2026-07-13 14:30:18,565 [INFO] Reconnecting attempt 119 in 3 seconds...
2026-07-13 14:30:21,572 [ERROR] Serial port connection error: could not open port 'COM7': FileNotFoundError(2, 'The system cannot find the file specified.', None, 2)
2026-07-13 14:30:22,245 [INFO] Reconnecting attempt 120 in 3 seconds...
2026-07-13 14:30:25,247 [ERROR] Serial port connection error: could not open port 'COM7': FileNotFoundError(2, 'The system cannot find the file specified.', None, 2)
2026-07-13 14:30:26,468 [INFO] Reconnecting attempt 121 in 3 seconds...
2026-07-13 14:30:29,474 [ERROR] Serial port connection error: could not open port 'COM7': FileNotFoundError(2, 'The system cannot find the file specified.', None, 2)
2026-07-13 14:30:30,929 [INFO] Reconnecting attempt 122 in 3 seconds...
2026-07-13 14:30:33,931 [ERROR] Serial port connection error: could not open port 'COM7': FileNotFoundError(2, 'The system cannot find the file specified.', None, 2)
2026-07-13 14:30:35,031 [INFO] Reconnecting attempt 123 in 3 seconds...
2026-07-13 14:30:38,036 [ERROR] Serial port connection error: could not open port 'COM7': FileNotFoundError(2, 'The system cannot find the file specified.', None, 2)
2026-07-13 14:30:38,416 [INFO] Reconnecting attempt 124 in 3 seconds...
2026-07-13 14:30:41,417 [ERROR] Serial port connection error: could not open port 'COM7': FileNotFoundError(2, 'The system cannot find the file specified.', None, 2)
2026-07-13 14:30:41,441 [INFO] Reconnecting attempt 125 in 3 seconds...
2026-07-13 14:30:44,442 [ERROR] Serial port connection error: could not open port 'COM7': FileNotFoundError(2, 'The system cannot find the file specified.', None, 2)
2026-07-13 14:30:44,480 [INFO] Reconnecting attempt 126 in 3 seconds...
2026-07-13 14:30:47,482 [ERROR] Serial port connection error: could not open port 'COM7': FileNotFoundError(2, 'The system cannot find the file specified.', None, 2)
2026-07-13 14:30:47,543 [INFO] Reconnecting attempt 127 in 3 seconds...
2026-07-13 14:30:50,545 [ERROR] Serial port connection error: could not open port 'COM7': FileNotFoundError(2, 'The system cannot find the file specified.', None, 2)
2026-07-13 14:30:50,567 [INFO] Reconnecting attempt 128 in 3 seconds...
2026-07-13 14:30:53,567 [ERROR] Serial port connection error: could not open port 'COM7': FileNotFoundError(2, 'The system cannot find the file specified.', None, 2)
2026-07-13 14:30:53,611 [INFO] Reconnecting attempt 129 in 3 seconds...
2026-07-13 14:30:56,612 [ERROR] Serial port connection error: could not open port 'COM7': FileNotFoundError(2, 'The system cannot find the file specified.', None, 2)
2026-07-13 14:30:56,644 [INFO] Reconnecting attempt 130 in 3 seconds...
2026-07-13 14:30:59,645 [ERROR] Serial port connection error: could not open port 'COM7': FileNotFoundError(2, 'The system cannot find the file specified.', None, 2)
2026-07-13 14:30:59,690 [INFO] Reconnecting attempt 131 in 3 seconds...
2026-07-13 14:31:02,692 [ERROR] Serial port connection error: could not open port 'COM7': FileNotFoundError(2, 'The system cannot find the file specified.', None, 2)
2026-07-13 14:31:02,733 [INFO] Reconnecting attempt 132 in 3 seconds...
2026-07-13 14:31:05,735 [ERROR] Serial port connection error: could not open port 'COM7': FileNotFoundError(2, 'The system cannot find the file specified.', None, 2)
2026-07-13 14:31:05,760 [INFO] Reconnecting attempt 133 in 3 seconds...
2026-07-13 14:31:08,761 [ERROR] Serial port connection error: could not open port 'COM7': FileNotFoundError(2, 'The system cannot find the file specified.', None, 2)
2026-07-13 14:31:08,862 [INFO] Reconnecting attempt 134 in 3 seconds...
2026-07-13 14:31:49,664 [ERROR] Serial port connection error: ClearCommError failed (PermissionError(13, 'The device does not recognize the command.', None, 22))
2026-07-13 14:31:49,982 [INFO] Reconnecting attempt 1 in 3 seconds...
2026-07-13 14:31:52,985 [ERROR] Serial port connection error: could not open port 'COM7': FileNotFoundError(2, 'The system cannot find the file specified.', None, 2)
2026-07-13 14:31:53,166 [INFO] Reconnecting attempt 2 in 3 seconds...
2026-07-13 14:31:56,167 [ERROR] Serial port connection error: could not open port 'COM7': FileNotFoundError(2, 'The system cannot find the file specified.', None, 2)
2026-07-13 14:31:56,454 [INFO] Reconnecting attempt 3 in 3 seconds...
2026-07-13 14:31:59,455 [ERROR] Serial port connection error: could not open port 'COM7': FileNotFoundError(2, 'The system cannot find the file specified.', None, 2)
2026-07-13 14:31:59,469 [INFO] Reconnecting attempt 4 in 3 seconds...
2026-07-13 14:32:02,470 [ERROR] Serial port connection error: could not open port 'COM7': FileNotFoundError(2, 'The system cannot find the file specified.', None, 2)
2026-07-13 14:32:02,513 [INFO] Reconnecting attempt 5 in 3 seconds...
2026-07-13 14:32:05,514 [ERROR] Serial port connection error: could not open port 'COM7': FileNotFoundError(2, 'The system cannot find the file specified.', None, 2)
2026-07-13 14:32:05,578 [INFO] Reconnecting attempt 6 in 3 seconds...
2026-07-13 14:32:08,579 [ERROR] Serial port connection error: could not open port 'COM7': FileNotFoundError(2, 'The system cannot find the file specified.', None, 2)
2026-07-13 14:32:08,614 [INFO] Reconnecting attempt 7 in 3 seconds...
2026-07-13 14:32:11,614 [ERROR] Serial port connection error: could not open port 'COM7': FileNotFoundError(2, 'The system cannot find the file specified.', None, 2)
2026-07-13 14:32:11,635 [INFO] Reconnecting attempt 8 in 3 seconds...
2026-07-13 14:32:14,636 [ERROR] Serial port connection error: could not open port 'COM7': FileNotFoundError(2, 'The system cannot find the file specified.', None, 2)
2026-07-13 14:32:14,687 [INFO] Reconnecting attempt 9 in 3 seconds...
2026-07-13 14:32:17,688 [ERROR] Serial port connection error: could not open port 'COM7': FileNotFoundError(2, 'The system cannot find the file specified.', None, 2)
2026-07-13 14:32:17,711 [INFO] Reconnecting attempt 10 in 3 seconds...
2026-07-13 14:32:20,712 [ERROR] Serial port connection error: could not open port 'COM7': FileNotFoundError(2, 'The system cannot find the file specified.', None, 2)
2026-07-13 14:32:20,746 [INFO] Reconnecting attempt 11 in 3 seconds...
2026-07-13 14:32:23,748 [ERROR] Serial port connection error: could not open port 'COM7': FileNotFoundError(2, 'The system cannot find the file specified.', None, 2)
2026-07-13 14:32:23,775 [INFO] Reconnecting attempt 12 in 3 seconds...
2026-07-13 14:32:26,775 [ERROR] Serial port connection error: could not open port 'COM7': FileNotFoundError(2, 'The system cannot find the file specified.', None, 2)
2026-07-13 14:32:26,791 [INFO] Reconnecting attempt 13 in 3 seconds...
2026-07-13 14:32:29,793 [ERROR] Serial port connection error: could not open port 'COM7': FileNotFoundError(2, 'The system cannot find the file specified.', None, 2)
2026-07-13 14:32:29,845 [INFO] Reconnecting attempt 14 in 3 seconds...
2026-07-13 14:32:32,846 [ERROR] Serial port connection error: could not open port 'COM7': FileNotFoundError(2, 'The system cannot find the file specified.', None, 2)
2026-07-13 14:32:32,860 [INFO] Reconnecting attempt 15 in 3 seconds...
2026-07-13 14:32:35,861 [ERROR] Serial port connection error: could not open port 'COM7': FileNotFoundError(2, 'The system cannot find the file specified.', None, 2)
2026-07-13 14:32:35,876 [INFO] Reconnecting attempt 16 in 3 seconds...
2026-07-13 14:32:38,877 [ERROR] Serial port connection error: could not open port 'COM7': FileNotFoundError(2, 'The system cannot find the file specified.', None, 2)
2026-07-13 14:32:38,890 [INFO] Reconnecting attempt 17 in 3 seconds...
2026-07-13 14:32:41,891 [ERROR] Serial port connection error: could not open port 'COM7': FileNotFoundError(2, 'The system cannot find the file specified.', None, 2)
2026-07-13 14:32:42,060 [INFO] Reconnecting attempt 18 in 3 seconds...
2026-07-13 14:32:45,062 [ERROR] Serial port connection error: could not open port 'COM7': FileNotFoundError(2, 'The system cannot find the file specified.', None, 2)
2026-07-13 14:32:45,139 [INFO] Reconnecting attempt 19 in 3 seconds...
2026-07-13 14:32:48,140 [ERROR] Serial port connection error: could not open port 'COM7': FileNotFoundError(2, 'The system cannot find the file specified.', None, 2)
2026-07-13 14:32:48,156 [INFO] Reconnecting attempt 20 in 3 seconds...
2026-07-13 14:32:51,156 [ERROR] Serial port connection error: could not open port 'COM7': FileNotFoundError(2, 'The system cannot find the file specified.', None, 2)
2026-07-13 14:32:51,190 [INFO] Reconnecting attempt 21 in 3 seconds...
2026-07-13 14:32:54,191 [ERROR] Serial port connection error: could not open port 'COM7': FileNotFoundError(2, 'The system cannot find the file specified.', None, 2)
2026-07-13 14:32:54,202 [INFO] Reconnecting attempt 22 in 3 seconds...
2026-07-13 14:32:57,204 [ERROR] Serial port connection error: could not open port 'COM7': FileNotFoundError(2, 'The system cannot find the file specified.', None, 2)
2026-07-13 14:32:57,226 [INFO] Reconnecting attempt 23 in 3 seconds...
2026-07-13 14:34:46,284 [INFO] Disconnected from serial port.
2026-07-13 14:34:55,632 [INFO] Settings saved successfully.
2026-07-13 14:34:55,633 [INFO] Settings saved successfully.
2026-07-13 14:34:55,633 [INFO] Settings saved successfully.
2026-07-13 14:35:15,662 [INFO] Disconnected from serial port.
2026-07-13 14:40:19,467 [INFO] Settings saved successfully.
2026-07-13 14:40:19,468 [INFO] Settings saved successfully.
2026-07-13 14:40:19,468 [INFO] Settings saved successfully.
2026-07-13 14:40:19,519 [ERROR] Serial port connection error: could not open port 'COM7': PermissionError(13, 'Access is denied.', None, 5)
2026-07-13 14:40:19,532 [INFO] Reconnecting attempt 1 in 3 seconds...
2026-07-13 14:40:22,533 [ERROR] Serial port connection error: could not open port 'COM7': PermissionError(13, 'Access is denied.', None, 5)
2026-07-13 14:40:22,578 [INFO] Reconnecting attempt 2 in 3 seconds...
2026-07-13 14:40:25,579 [ERROR] Serial port connection error: could not open port 'COM7': PermissionError(13, 'Access is denied.', None, 5)
2026-07-13 14:40:25,617 [INFO] Reconnecting attempt 3 in 3 seconds...
2026-07-13 14:40:28,620 [ERROR] Serial port connection error: could not open port 'COM7': PermissionError(13, 'Access is denied.', None, 5)
2026-07-13 14:40:28,786 [INFO] Reconnecting attempt 4 in 3 seconds...
2026-07-13 14:40:31,789 [ERROR] Serial port connection error: could not open port 'COM7': PermissionError(13, 'Access is denied.', None, 5)
2026-07-13 14:40:31,955 [INFO] Reconnecting attempt 5 in 3 seconds...
2026-07-13 14:40:34,958 [ERROR] Serial port connection error: could not open port 'COM7': PermissionError(13, 'Access is denied.', None, 5)
2026-07-13 14:40:35,028 [INFO] Reconnecting attempt 6 in 3 seconds...
2026-07-13 14:40:38,030 [ERROR] Serial port connection error: could not open port 'COM7': PermissionError(13, 'Access is denied.', None, 5)
2026-07-13 14:40:38,074 [INFO] Reconnecting attempt 7 in 3 seconds...
2026-07-13 14:40:41,075 [ERROR] Serial port connection error: could not open port 'COM7': PermissionError(13, 'Access is denied.', None, 5)
2026-07-13 14:40:41,139 [INFO] Reconnecting attempt 8 in 3 seconds...
2026-07-13 14:40:44,143 [ERROR] Serial port connection error: could not open port 'COM7': PermissionError(13, 'Access is denied.', None, 5)
2026-07-13 14:40:44,308 [INFO] Reconnecting attempt 9 in 3 seconds...
2026-07-13 14:40:47,314 [ERROR] Serial port connection error: could not open port 'COM7': PermissionError(13, 'Access is denied.', None, 5)
2026-07-13 14:40:47,390 [INFO] Reconnecting attempt 10 in 3 seconds...
2026-07-13 14:40:50,391 [ERROR] Serial port connection error: could not open port 'COM7': PermissionError(13, 'Access is denied.', None, 5)
2026-07-13 14:40:50,578 [INFO] Reconnecting attempt 11 in 3 seconds...
2026-07-13 14:40:53,580 [ERROR] Serial port connection error: could not open port 'COM7': PermissionError(13, 'Access is denied.', None, 5)
2026-07-13 14:40:53,730 [INFO] Reconnecting attempt 12 in 3 seconds...
2026-07-13 14:40:56,732 [ERROR] Serial port connection error: could not open port 'COM7': PermissionError(13, 'Access is denied.', None, 5)
2026-07-13 14:40:56,811 [INFO] Reconnecting attempt 13 in 3 seconds...
2026-07-13 14:40:59,812 [ERROR] Serial port connection error: could not open port 'COM7': PermissionError(13, 'Access is denied.', None, 5)
2026-07-13 14:40:59,826 [INFO] Reconnecting attempt 14 in 3 seconds...
2026-07-13 14:41:02,827 [ERROR] Serial port connection error: could not open port 'COM7': PermissionError(13, 'Access is denied.', None, 5)
2026-07-13 14:41:02,959 [INFO] Reconnecting attempt 15 in 3 seconds...
2026-07-13 14:41:05,959 [ERROR] Serial port connection error: could not open port 'COM7': PermissionError(13, 'Access is denied.', None, 5)
2026-07-13 14:41:06,049 [INFO] Reconnecting attempt 16 in 3 seconds...
2026-07-13 14:41:09,050 [ERROR] Serial port connection error: could not open port 'COM7': PermissionError(13, 'Access is denied.', None, 5)
2026-07-13 14:41:09,266 [INFO] Reconnecting attempt 17 in 3 seconds...
2026-07-13 14:41:12,267 [ERROR] Serial port connection error: could not open port 'COM7': PermissionError(13, 'Access is denied.', None, 5)
2026-07-13 14:41:12,493 [INFO] Reconnecting attempt 18 in 3 seconds...
2026-07-13 14:41:15,495 [ERROR] Serial port connection error: could not open port 'COM7': PermissionError(13, 'Access is denied.', None, 5)
2026-07-13 14:41:15,523 [INFO] Reconnecting attempt 19 in 3 seconds...
2026-07-13 14:41:18,524 [ERROR] Serial port connection error: could not open port 'COM7': PermissionError(13, 'Access is denied.', None, 5)
2026-07-13 14:41:18,569 [INFO] Reconnecting attempt 20 in 3 seconds...
2026-07-13 14:41:21,573 [ERROR] Serial port connection error: could not open port 'COM7': PermissionError(13, 'Access is denied.', None, 5)
2026-07-13 14:41:21,593 [INFO] Reconnecting attempt 21 in 3 seconds...
2026-07-13 14:41:24,594 [ERROR] Serial port connection error: could not open port 'COM7': PermissionError(13, 'Access is denied.', None, 5)
2026-07-13 14:41:24,639 [INFO] Reconnecting attempt 22 in 3 seconds...
2026-07-13 14:41:27,640 [ERROR] Serial port connection error: could not open port 'COM7': PermissionError(13, 'Access is denied.', None, 5)
2026-07-13 14:41:27,692 [INFO] Reconnecting attempt 23 in 3 seconds...
2026-07-13 14:41:30,693 [ERROR] Serial port connection error: could not open port 'COM7': PermissionError(13, 'Access is denied.', None, 5)
2026-07-13 14:41:30,741 [INFO] Reconnecting attempt 24 in 3 seconds...
2026-07-13 14:41:33,742 [ERROR] Serial port connection error: could not open port 'COM7': PermissionError(13, 'Access is denied.', None, 5)
2026-07-13 14:41:33,801 [INFO] Reconnecting attempt 25 in 3 seconds...
2026-07-13 14:41:36,801 [ERROR] Serial port connection error: could not open port 'COM7': PermissionError(13, 'Access is denied.', None, 5)
2026-07-13 14:41:36,816 [INFO] Reconnecting attempt 26 in 3 seconds...
2026-07-13 14:41:39,817 [ERROR] Serial port connection error: could not open port 'COM7': PermissionError(13, 'Access is denied.', None, 5)
2026-07-13 14:41:39,860 [INFO] Reconnecting attempt 27 in 3 seconds...
2026-07-13 14:41:42,861 [ERROR] Serial port connection error: could not open port 'COM7': PermissionError(13, 'Access is denied.', None, 5)
2026-07-13 14:41:42,906 [INFO] Reconnecting attempt 28 in 3 seconds...
2026-07-13 14:41:45,907 [ERROR] Serial port connection error: could not open port 'COM7': PermissionError(13, 'Access is denied.', None, 5)
2026-07-13 14:41:45,955 [INFO] Reconnecting attempt 29 in 3 seconds...
2026-07-13 14:41:48,957 [ERROR] Serial port connection error: could not open port 'COM7': PermissionError(13, 'Access is denied.', None, 5)
2026-07-13 14:41:48,990 [INFO] Reconnecting attempt 30 in 3 seconds...
2026-07-13 14:41:51,993 [ERROR] Serial port connection error: could not open port 'COM7': PermissionError(13, 'Access is denied.', None, 5)
2026-07-13 14:41:52,046 [INFO] Reconnecting attempt 31 in 3 seconds...
2026-07-13 14:41:55,047 [ERROR] Serial port connection error: could not open port 'COM7': PermissionError(13, 'Access is denied.', None, 5)
2026-07-13 14:41:55,091 [INFO] Reconnecting attempt 32 in 3 seconds...
2026-07-13 14:41:58,092 [ERROR] Serial port connection error: could not open port 'COM7': PermissionError(13, 'Access is denied.', None, 5)
2026-07-13 14:41:58,133 [INFO] Reconnecting attempt 33 in 3 seconds...
2026-07-13 14:42:01,135 [ERROR] Serial port connection error: could not open port 'COM7': PermissionError(13, 'Access is denied.', None, 5)
2026-07-13 14:42:01,152 [INFO] Reconnecting attempt 34 in 3 seconds...
2026-07-13 14:42:04,154 [ERROR] Serial port connection error: could not open port 'COM7': PermissionError(13, 'Access is denied.', None, 5)
2026-07-13 14:42:04,295 [INFO] Reconnecting attempt 35 in 3 seconds...
2026-07-13 14:42:07,299 [ERROR] Serial port connection error: could not open port 'COM7': PermissionError(13, 'Access is denied.', None, 5)
2026-07-13 14:42:07,387 [INFO] Reconnecting attempt 36 in 3 seconds...
2026-07-13 14:42:10,388 [ERROR] Serial port connection error: could not open port 'COM7': PermissionError(13, 'Access is denied.', None, 5)
2026-07-13 14:42:10,426 [INFO] Reconnecting attempt 37 in 3 seconds...
2026-07-13 14:42:13,427 [ERROR] Serial port connection error: could not open port 'COM7': PermissionError(13, 'Access is denied.', None, 5)
2026-07-13 14:42:13,480 [INFO] Reconnecting attempt 38 in 3 seconds...
2026-07-13 14:42:16,481 [ERROR] Serial port connection error: could not open port 'COM7': PermissionError(13, 'Access is denied.', None, 5)
2026-07-13 14:42:16,506 [INFO] Reconnecting attempt 39 in 3 seconds...
2026-07-13 14:42:19,507 [ERROR] Serial port connection error: could not open port 'COM7': PermissionError(13, 'Access is denied.', None, 5)
2026-07-13 14:42:19,546 [INFO] Reconnecting attempt 40 in 3 seconds...
2026-07-13 14:42:22,547 [ERROR] Serial port connection error: could not open port 'COM7': PermissionError(13, 'Access is denied.', None, 5)
2026-07-13 14:42:22,592 [INFO] Reconnecting attempt 41 in 3 seconds...
2026-07-13 14:42:25,592 [ERROR] Serial port connection error: could not open port 'COM7': PermissionError(13, 'Access is denied.', None, 5)
2026-07-13 14:42:25,640 [INFO] Reconnecting attempt 42 in 3 seconds...
2026-07-13 14:42:28,642 [ERROR] Serial port connection error: could not open port 'COM7': PermissionError(13, 'Access is denied.', None, 5)
2026-07-13 14:42:28,680 [INFO] Reconnecting attempt 43 in 3 seconds...
2026-07-13 14:42:31,681 [ERROR] Serial port connection error: could not open port 'COM7': PermissionError(13, 'Access is denied.', None, 5)
2026-07-13 14:42:31,729 [INFO] Reconnecting attempt 44 in 3 seconds...
2026-07-13 14:42:34,730 [ERROR] Serial port connection error: could not open port 'COM7': PermissionError(13, 'Access is denied.', None, 5)
2026-07-13 14:42:34,744 [INFO] Reconnecting attempt 45 in 3 seconds...
2026-07-13 14:42:37,745 [ERROR] Serial port connection error: could not open port 'COM7': PermissionError(13, 'Access is denied.', None, 5)
2026-07-13 14:42:37,781 [INFO] Reconnecting attempt 46 in 3 seconds...
2026-07-13 14:42:40,782 [ERROR] Serial port connection error: could not open port 'COM7': PermissionError(13, 'Access is denied.', None, 5)
2026-07-13 14:42:40,818 [INFO] Reconnecting attempt 47 in 3 seconds...
2026-07-13 14:42:43,819 [ERROR] Serial port connection error: could not open port 'COM7': PermissionError(13, 'Access is denied.', None, 5)
2026-07-13 14:42:43,865 [INFO] Reconnecting attempt 48 in 3 seconds...
2026-07-13 14:42:46,867 [ERROR] Serial port connection error: could not open port 'COM7': PermissionError(13, 'Access is denied.', None, 5)
2026-07-13 14:42:46,896 [INFO] Reconnecting attempt 49 in 3 seconds...
2026-07-13 14:42:49,898 [ERROR] Serial port connection error: could not open port 'COM7': PermissionError(13, 'Access is denied.', None, 5)
2026-07-13 14:42:49,941 [INFO] Reconnecting attempt 50 in 3 seconds...
2026-07-13 14:42:52,942 [ERROR] Serial port connection error: could not open port 'COM7': PermissionError(13, 'Access is denied.', None, 5)
2026-07-13 14:42:52,981 [INFO] Reconnecting attempt 51 in 3 seconds...
2026-07-13 14:42:55,982 [ERROR] Serial port connection error: could not open port 'COM7': PermissionError(13, 'Access is denied.', None, 5)
2026-07-13 14:42:56,024 [INFO] Reconnecting attempt 52 in 3 seconds...
2026-07-13 14:42:59,025 [ERROR] Serial port connection error: could not open port 'COM7': PermissionError(13, 'Access is denied.', None, 5)
2026-07-13 14:42:59,047 [INFO] Reconnecting attempt 53 in 3 seconds...
2026-07-13 14:43:02,049 [ERROR] Serial port connection error: could not open port 'COM7': PermissionError(13, 'Access is denied.', None, 5)
2026-07-13 14:43:02,074 [INFO] Reconnecting attempt 54 in 3 seconds...
2026-07-13 14:43:05,077 [ERROR] Serial port connection error: could not open port 'COM7': PermissionError(13, 'Access is denied.', None, 5)
2026-07-13 14:43:05,093 [INFO] Reconnecting attempt 55 in 3 seconds...
2026-07-13 14:43:08,096 [ERROR] Serial port connection error: could not open port 'COM7': PermissionError(13, 'Access is denied.', None, 5)
2026-07-13 14:43:08,113 [INFO] Reconnecting attempt 56 in 3 seconds...
2026-07-13 14:43:11,114 [ERROR] Serial port connection error: could not open port 'COM7': PermissionError(13, 'Access is denied.', None, 5)
2026-07-13 14:43:11,144 [INFO] Reconnecting attempt 57 in 3 seconds...
2026-07-13 14:43:14,145 [ERROR] Serial port connection error: could not open port 'COM7': PermissionError(13, 'Access is denied.', None, 5)
2026-07-13 14:43:14,163 [INFO] Reconnecting attempt 58 in 3 seconds...
2026-07-13 14:43:17,163 [ERROR] Serial port connection error: could not open port 'COM7': PermissionError(13, 'Access is denied.', None, 5)
2026-07-13 14:43:17,204 [INFO] Reconnecting attempt 59 in 3 seconds...
2026-07-13 14:43:20,204 [ERROR] Serial port connection error: could not open port 'COM7': PermissionError(13, 'Access is denied.', None, 5)
2026-07-13 14:43:20,237 [INFO] Reconnecting attempt 60 in 3 seconds...
2026-07-13 14:43:23,238 [ERROR] Serial port connection error: could not open port 'COM7': FileNotFoundError(2, 'The system cannot find the file specified.', None, 2)
2026-07-13 14:43:23,275 [INFO] Reconnecting attempt 61 in 3 seconds...
2026-07-13 14:43:26,277 [ERROR] Serial port connection error: could not open port 'COM7': FileNotFoundError(2, 'The system cannot find the file specified.', None, 2)
2026-07-13 14:43:26,366 [INFO] Reconnecting attempt 62 in 3 seconds...
2026-07-13 14:43:29,367 [ERROR] Serial port connection error: could not open port 'COM7': FileNotFoundError(2, 'The system cannot find the file specified.', None, 2)
2026-07-13 14:43:29,404 [INFO] Reconnecting attempt 63 in 3 seconds...
2026-07-13 14:43:32,406 [ERROR] Serial port connection error: could not open port 'COM7': FileNotFoundError(2, 'The system cannot find the file specified.', None, 2)
2026-07-13 14:43:32,471 [INFO] Reconnecting attempt 64 in 3 seconds...
2026-07-13 14:43:35,472 [ERROR] Serial port connection error: could not open port 'COM7': FileNotFoundError(2, 'The system cannot find the file specified.', None, 2)
2026-07-13 14:43:35,513 [INFO] Reconnecting attempt 65 in 3 seconds...
2026-07-13 14:43:38,515 [ERROR] Serial port connection error: could not open port 'COM7': FileNotFoundError(2, 'The system cannot find the file specified.', None, 2)
2026-07-13 14:43:38,614 [INFO] Reconnecting attempt 66 in 3 seconds...
2026-07-13 14:43:41,615 [ERROR] Serial port connection error: could not open port 'COM7': FileNotFoundError(2, 'The system cannot find the file specified.', None, 2)
2026-07-13 14:43:41,694 [INFO] Reconnecting attempt 67 in 3 seconds...
2026-07-13 14:43:44,695 [ERROR] Serial port connection error: could not open port 'COM7': FileNotFoundError(2, 'The system cannot find the file specified.', None, 2)
2026-07-13 14:43:44,721 [INFO] Reconnecting attempt 68 in 3 seconds...
2026-07-13 14:43:47,724 [ERROR] Serial port connection error: could not open port 'COM7': FileNotFoundError(2, 'The system cannot find the file specified.', None, 2)
2026-07-13 14:43:47,790 [INFO] Reconnecting attempt 69 in 3 seconds...
2026-07-13 14:43:50,794 [ERROR] Serial port connection error: could not open port 'COM7': FileNotFoundError(2, 'The system cannot find the file specified.', None, 2)
2026-07-13 14:43:50,871 [INFO] Reconnecting attempt 70 in 3 seconds...
2026-07-13 14:43:53,873 [ERROR] Serial port connection error: could not open port 'COM7': FileNotFoundError(2, 'The system cannot find the file specified.', None, 2)
2026-07-13 14:43:53,897 [INFO] Reconnecting attempt 71 in 3 seconds...
2026-07-13 14:43:56,898 [ERROR] Serial port connection error: could not open port 'COM7': FileNotFoundError(2, 'The system cannot find the file specified.', None, 2)
2026-07-13 14:43:56,913 [INFO] Reconnecting attempt 72 in 3 seconds...
2026-07-13 14:43:59,915 [ERROR] Serial port connection error: could not open port 'COM7': FileNotFoundError(2, 'The system cannot find the file specified.', None, 2)
2026-07-13 14:43:59,967 [INFO] Reconnecting attempt 73 in 3 seconds...
2026-07-13 14:44:02,968 [ERROR] Serial port connection error: could not open port 'COM7': FileNotFoundError(2, 'The system cannot find the file specified.', None, 2)
2026-07-13 14:44:03,017 [INFO] Reconnecting attempt 74 in 3 seconds...
2026-07-13 14:44:06,018 [ERROR] Serial port connection error: could not open port 'COM7': FileNotFoundError(2, 'The system cannot find the file specified.', None, 2)
2026-07-13 14:44:06,081 [INFO] Reconnecting attempt 75 in 3 seconds...
2026-07-13 14:44:09,082 [ERROR] Serial port connection error: could not open port 'COM7': FileNotFoundError(2, 'The system cannot find the file specified.', None, 2)
2026-07-13 14:44:09,129 [INFO] Reconnecting attempt 76 in 3 seconds...
2026-07-13 14:44:12,130 [ERROR] Serial port connection error: could not open port 'COM7': FileNotFoundError(2, 'The system cannot find the file specified.', None, 2)
2026-07-13 14:44:12,160 [INFO] Reconnecting attempt 77 in 3 seconds...
2026-07-13 14:44:15,161 [ERROR] Serial port connection error: could not open port 'COM7': FileNotFoundError(2, 'The system cannot find the file specified.', None, 2)
2026-07-13 14:44:15,190 [INFO] Reconnecting attempt 78 in 3 seconds...
2026-07-13 14:44:18,223 [ERROR] Serial port connection error: could not open port 'COM7': FileNotFoundError(2, 'The system cannot find the file specified.', None, 2)
2026-07-13 14:44:23,180 [INFO] Reconnecting attempt 79 in 3 seconds...
2026-07-13 17:35:42,471 [ERROR] Serial port connection error: could not open port 'COM7': FileNotFoundError(2, 'The system cannot find the file specified.', None, 2)
2026-07-13 17:35:47,531 [INFO] Reconnecting attempt 80 in 3 seconds...
2026-07-13 17:35:50,542 [ERROR] Serial port connection error: could not open port 'COM7': FileNotFoundError(2, 'The system cannot find the file specified.', None, 2)
2026-07-13 17:35:50,721 [INFO] Reconnecting attempt 81 in 3 seconds...
2026-07-13 17:35:53,844 [ERROR] Serial port connection error: could not open port 'COM7': FileNotFoundError(2, 'The system cannot find the file specified.', None, 2)
2026-07-13 17:35:56,029 [INFO] Reconnecting attempt 82 in 3 seconds...
2026-07-13 17:35:59,059 [ERROR] Serial port connection error: could not open port 'COM7': FileNotFoundError(2, 'The system cannot find the file specified.', None, 2)
2026-07-13 17:35:59,549 [INFO] Reconnecting attempt 83 in 3 seconds...
2026-07-13 17:36:02,648 [ERROR] Serial port connection error: could not open port 'COM7': FileNotFoundError(2, 'The system cannot find the file specified.', None, 2)
2026-07-13 17:36:07,959 [INFO] Reconnecting attempt 84 in 3 seconds...
2026-07-13 17:36:10,994 [ERROR] Serial port connection error: could not open port 'COM7': FileNotFoundError(2, 'The system cannot find the file specified.', None, 2)
2026-07-13 17:36:11,223 [INFO] Reconnecting attempt 85 in 3 seconds...
2026-07-13 17:36:14,314 [ERROR] Serial port connection error: could not open port 'COM7': FileNotFoundError(2, 'The system cannot find the file specified.', None, 2)
2026-07-13 17:36:15,037 [INFO] Reconnecting attempt 86 in 3 seconds...
2026-07-13 17:36:18,053 [ERROR] Serial port connection error: could not open port 'COM7': FileNotFoundError(2, 'The system cannot find the file specified.', None, 2)
2026-07-13 17:36:18,372 [INFO] Reconnecting attempt 87 in 3 seconds...
2026-07-13 17:36:21,374 [ERROR] Serial port connection error: could not open port 'COM7': FileNotFoundError(2, 'The system cannot find the file specified.', None, 2)
2026-07-13 17:36:21,449 [INFO] Reconnecting attempt 88 in 3 seconds...
2026-07-13 17:36:24,450 [ERROR] Serial port connection error: could not open port 'COM7': FileNotFoundError(2, 'The system cannot find the file specified.', None, 2)
2026-07-13 17:36:24,469 [INFO] Reconnecting attempt 89 in 3 seconds...
2026-07-13 17:36:27,470 [ERROR] Serial port connection error: could not open port 'COM7': FileNotFoundError(2, 'The system cannot find the file specified.', None, 2)
2026-07-13 17:36:27,535 [INFO] Reconnecting attempt 90 in 3 seconds...
2026-07-13 17:36:30,536 [ERROR] Serial port connection error: could not open port 'COM7': FileNotFoundError(2, 'The system cannot find the file specified.', None, 2)
2026-07-13 17:36:30,568 [INFO] Reconnecting attempt 91 in 3 seconds...
2026-07-13 17:36:33,569 [ERROR] Serial port connection error: could not open port 'COM7': FileNotFoundError(2, 'The system cannot find the file specified.', None, 2)
2026-07-13 17:36:33,613 [INFO] Reconnecting attempt 92 in 3 seconds...
2026-07-13 17:36:36,614 [ERROR] Serial port connection error: could not open port 'COM7': FileNotFoundError(2, 'The system cannot find the file specified.', None, 2)
2026-07-13 17:36:36,676 [INFO] Reconnecting attempt 93 in 3 seconds...
2026-07-13 17:36:39,680 [ERROR] Serial port connection error: could not open port 'COM7': FileNotFoundError(2, 'The system cannot find the file specified.', None, 2)
2026-07-13 17:36:39,729 [INFO] Reconnecting attempt 94 in 3 seconds...
2026-07-13 17:36:42,730 [ERROR] Serial port connection error: could not open port 'COM7': FileNotFoundError(2, 'The system cannot find the file specified.', None, 2)
2026-07-13 17:36:42,753 [INFO] Reconnecting attempt 95 in 3 seconds...
2026-07-13 17:36:45,755 [ERROR] Serial port connection error: could not open port 'COM7': FileNotFoundError(2, 'The system cannot find the file specified.', None, 2)
2026-07-13 17:36:45,798 [INFO] Reconnecting attempt 96 in 3 seconds...
2026-07-13 17:36:48,799 [ERROR] Serial port connection error: could not open port 'COM7': FileNotFoundError(2, 'The system cannot find the file specified.', None, 2)
2026-07-13 17:36:48,816 [INFO] Reconnecting attempt 97 in 3 seconds...
2026-07-13 17:36:51,817 [ERROR] Serial port connection error: could not open port 'COM7': FileNotFoundError(2, 'The system cannot find the file specified.', None, 2)
2026-07-13 17:36:51,888 [INFO] Reconnecting attempt 98 in 3 seconds...
2026-07-13 17:36:54,889 [ERROR] Serial port connection error: could not open port 'COM7': FileNotFoundError(2, 'The system cannot find the file specified.', None, 2)
2026-07-13 17:36:54,907 [INFO] Reconnecting attempt 99 in 3 seconds...
2026-07-13 17:36:57,909 [ERROR] Serial port connection error: could not open port 'COM7': FileNotFoundError(2, 'The system cannot find the file specified.', None, 2)
2026-07-13 17:36:57,966 [INFO] Reconnecting attempt 100 in 3 seconds...
2026-07-13 17:37:00,968 [ERROR] Serial port connection error: could not open port 'COM7': FileNotFoundError(2, 'The system cannot find the file specified.', None, 2)
2026-07-13 17:37:00,995 [INFO] Reconnecting attempt 101 in 3 seconds...
2026-07-13 17:37:03,997 [ERROR] Serial port connection error: could not open port 'COM7': FileNotFoundError(2, 'The system cannot find the file specified.', None, 2)
2026-07-13 17:37:04,142 [INFO] Reconnecting attempt 102 in 3 seconds...
2026-07-13 17:37:07,143 [ERROR] Serial port connection error: could not open port 'COM7': FileNotFoundError(2, 'The system cannot find the file specified.', None, 2)
2026-07-13 17:37:07,163 [INFO] Reconnecting attempt 103 in 3 seconds...
2026-07-13 17:37:10,164 [ERROR] Serial port connection error: could not open port 'COM7': FileNotFoundError(2, 'The system cannot find the file specified.', None, 2)
2026-07-13 17:37:10,204 [INFO] Reconnecting attempt 104 in 3 seconds...
2026-07-13 17:37:13,205 [ERROR] Serial port connection error: could not open port 'COM7': FileNotFoundError(2, 'The system cannot find the file specified.', None, 2)
2026-07-13 17:37:13,231 [INFO] Reconnecting attempt 105 in 3 seconds...
2026-07-13 17:37:16,231 [ERROR] Serial port connection error: could not open port 'COM7': FileNotFoundError(2, 'The system cannot find the file specified.', None, 2)
2026-07-13 17:37:16,251 [INFO] Reconnecting attempt 106 in 3 seconds...
2026-07-13 17:37:19,253 [ERROR] Serial port connection error: could not open port 'COM7': FileNotFoundError(2, 'The system cannot find the file specified.', None, 2)
2026-07-13 17:37:19,297 [INFO] Reconnecting attempt 107 in 3 seconds...
2026-07-13 17:37:22,299 [ERROR] Serial port connection error: could not open port 'COM7': FileNotFoundError(2, 'The system cannot find the file specified.', None, 2)
2026-07-13 17:37:22,323 [INFO] Reconnecting attempt 108 in 3 seconds...
2026-07-13 17:37:25,325 [ERROR] Serial port connection error: could not open port 'COM7': FileNotFoundError(2, 'The system cannot find the file specified.', None, 2)
2026-07-13 17:37:25,344 [INFO] Reconnecting attempt 109 in 3 seconds...
2026-07-13 17:37:28,344 [ERROR] Serial port connection error: could not open port 'COM7': FileNotFoundError(2, 'The system cannot find the file specified.', None, 2)
2026-07-13 17:37:28,358 [INFO] Reconnecting attempt 110 in 3 seconds...
2026-07-13 17:37:31,359 [ERROR] Serial port connection error: could not open port 'COM7': FileNotFoundError(2, 'The system cannot find the file specified.', None, 2)
2026-07-13 17:37:31,388 [INFO] Reconnecting attempt 111 in 3 seconds...
2026-07-13 17:37:34,388 [ERROR] Serial port connection error: could not open port 'COM7': FileNotFoundError(2, 'The system cannot find the file specified.', None, 2)
2026-07-13 17:37:34,423 [INFO] Reconnecting attempt 112 in 3 seconds...
2026-07-13 17:37:37,424 [ERROR] Serial port connection error: could not open port 'COM7': FileNotFoundError(2, 'The system cannot find the file specified.', None, 2)
2026-07-13 17:37:37,440 [INFO] Reconnecting attempt 113 in 3 seconds...
2026-07-13 17:37:40,442 [ERROR] Serial port connection error: could not open port 'COM7': FileNotFoundError(2, 'The system cannot find the file specified.', None, 2)
2026-07-13 17:37:40,482 [INFO] Reconnecting attempt 114 in 3 seconds...
2026-07-13 17:37:43,483 [ERROR] Serial port connection error: could not open port 'COM7': FileNotFoundError(2, 'The system cannot find the file specified.', None, 2)
2026-07-13 17:37:43,514 [INFO] Reconnecting attempt 115 in 3 seconds...
2026-07-13 17:37:46,515 [ERROR] Serial port connection error: could not open port 'COM7': FileNotFoundError(2, 'The system cannot find the file specified.', None, 2)
2026-07-13 17:37:46,570 [INFO] Reconnecting attempt 116 in 3 seconds...
2026-07-13 17:37:49,571 [ERROR] Serial port connection error: could not open port 'COM7': FileNotFoundError(2, 'The system cannot find the file specified.', None, 2)
2026-07-13 17:37:49,617 [INFO] Reconnecting attempt 117 in 3 seconds...
2026-07-13 17:37:52,618 [ERROR] Serial port connection error: could not open port 'COM7': FileNotFoundError(2, 'The system cannot find the file specified.', None, 2)
2026-07-13 17:37:52,679 [INFO] Reconnecting attempt 118 in 3 seconds...
2026-07-13 17:37:55,679 [ERROR] Serial port connection error: could not open port 'COM7': FileNotFoundError(2, 'The system cannot find the file specified.', None, 2)
2026-07-13 17:37:55,725 [INFO] Reconnecting attempt 119 in 3 seconds...
2026-07-13 17:37:58,727 [ERROR] Serial port connection error: could not open port 'COM7': FileNotFoundError(2, 'The system cannot find the file specified.', None, 2)
2026-07-13 17:37:58,745 [INFO] Reconnecting attempt 120 in 3 seconds...
2026-07-13 17:38:01,746 [ERROR] Serial port connection error: could not open port 'COM7': FileNotFoundError(2, 'The system cannot find the file specified.', None, 2)
2026-07-13 17:38:01,773 [INFO] Reconnecting attempt 121 in 3 seconds...
2026-07-13 17:38:04,773 [ERROR] Serial port connection error: could not open port 'COM7': FileNotFoundError(2, 'The system cannot find the file specified.', None, 2)
2026-07-13 17:38:04,790 [INFO] Reconnecting attempt 122 in 3 seconds...
2026-07-13 17:38:07,791 [ERROR] Serial port connection error: could not open port 'COM7': FileNotFoundError(2, 'The system cannot find the file specified.', None, 2)
2026-07-13 17:38:07,850 [INFO] Reconnecting attempt 123 in 3 seconds...
2026-07-13 17:38:10,851 [ERROR] Serial port connection error: could not open port 'COM7': FileNotFoundError(2, 'The system cannot find the file specified.', None, 2)
2026-07-13 17:38:10,918 [INFO] Reconnecting attempt 124 in 3 seconds...
2026-07-13 17:38:13,919 [ERROR] Serial port connection error: could not open port 'COM7': FileNotFoundError(2, 'The system cannot find the file specified.', None, 2)
2026-07-13 17:38:13,942 [INFO] Reconnecting attempt 125 in 3 seconds...
2026-07-13 17:38:16,944 [ERROR] Serial port connection error: could not open port 'COM7': FileNotFoundError(2, 'The system cannot find the file specified.', None, 2)
2026-07-13 17:38:17,016 [INFO] Reconnecting attempt 126 in 3 seconds...
2026-07-13 17:38:20,018 [ERROR] Serial port connection error: could not open port 'COM7': FileNotFoundError(2, 'The system cannot find the file specified.', None, 2)
2026-07-13 17:38:20,066 [INFO] Reconnecting attempt 127 in 3 seconds...
2026-07-13 17:38:23,067 [ERROR] Serial port connection error: could not open port 'COM7': FileNotFoundError(2, 'The system cannot find the file specified.', None, 2)
2026-07-13 17:38:23,136 [INFO] Reconnecting attempt 128 in 3 seconds...
2026-07-13 17:38:26,139 [ERROR] Serial port connection error: could not open port 'COM7': FileNotFoundError(2, 'The system cannot find the file specified.', None, 2)
2026-07-13 17:38:26,198 [INFO] Reconnecting attempt 129 in 3 seconds...
2026-07-13 17:38:29,199 [ERROR] Serial port connection error: could not open port 'COM7': FileNotFoundError(2, 'The system cannot find the file specified.', None, 2)
2026-07-13 17:38:29,252 [INFO] Reconnecting attempt 130 in 3 seconds...
2026-07-13 17:38:32,253 [ERROR] Serial port connection error: could not open port 'COM7': FileNotFoundError(2, 'The system cannot find the file specified.', None, 2)
2026-07-13 17:38:32,271 [INFO] Reconnecting attempt 131 in 3 seconds...
2026-07-13 17:38:35,273 [ERROR] Serial port connection error: could not open port 'COM7': FileNotFoundError(2, 'The system cannot find the file specified.', None, 2)
2026-07-13 17:38:35,325 [INFO] Reconnecting attempt 132 in 3 seconds...
2026-07-13 17:38:38,326 [ERROR] Serial port connection error: could not open port 'COM7': FileNotFoundError(2, 'The system cannot find the file specified.', None, 2)
2026-07-13 17:38:38,357 [INFO] Reconnecting attempt 133 in 3 seconds...
2026-07-13 17:38:41,358 [ERROR] Serial port connection error: could not open port 'COM7': FileNotFoundError(2, 'The system cannot find the file specified.', None, 2)
2026-07-13 17:38:41,404 [INFO] Reconnecting attempt 134 in 3 seconds...
2026-07-13 17:38:44,408 [ERROR] Serial port connection error: could not open port 'COM7': FileNotFoundError(2, 'The system cannot find the file specified.', None, 2)
2026-07-13 17:38:44,463 [INFO] Reconnecting attempt 135 in 3 seconds...
2026-07-13 17:38:47,464 [ERROR] Serial port connection error: could not open port 'COM7': FileNotFoundError(2, 'The system cannot find the file specified.', None, 2)
2026-07-13 17:38:47,477 [INFO] Reconnecting attempt 136 in 3 seconds...
2026-07-13 17:38:50,478 [ERROR] Serial port connection error: could not open port 'COM7': FileNotFoundError(2, 'The system cannot find the file specified.', None, 2)
2026-07-13 17:38:50,524 [INFO] Reconnecting attempt 137 in 3 seconds...
2026-07-13 17:38:53,526 [ERROR] Serial port connection error: could not open port 'COM7': FileNotFoundError(2, 'The system cannot find the file specified.', None, 2)
2026-07-13 17:38:53,553 [INFO] Reconnecting attempt 138 in 3 seconds...
2026-07-13 17:38:56,554 [ERROR] Serial port connection error: could not open port 'COM7': FileNotFoundError(2, 'The system cannot find the file specified.', None, 2)
2026-07-13 17:38:56,575 [INFO] Reconnecting attempt 139 in 3 seconds...
2026-07-13 17:38:59,576 [ERROR] Serial port connection error: could not open port 'COM7': FileNotFoundError(2, 'The system cannot find the file specified.', None, 2)
2026-07-13 17:38:59,594 [INFO] Reconnecting attempt 140 in 3 seconds...
2026-07-13 17:39:02,599 [ERROR] Serial port connection error: could not open port 'COM7': FileNotFoundError(2, 'The system cannot find the file specified.', None, 2)
2026-07-13 17:39:02,655 [INFO] Reconnecting attempt 141 in 3 seconds...
2026-07-13 17:39:05,655 [ERROR] Serial port connection error: could not open port 'COM7': FileNotFoundError(2, 'The system cannot find the file specified.', None, 2)
2026-07-13 17:39:05,712 [INFO] Reconnecting attempt 142 in 3 seconds...
2026-07-13 17:39:08,712 [ERROR] Serial port connection error: could not open port 'COM7': FileNotFoundError(2, 'The system cannot find the file specified.', None, 2)
2026-07-13 17:39:08,728 [INFO] Reconnecting attempt 143 in 3 seconds...
2026-07-13 17:39:11,734 [ERROR] Serial port connection error: could not open port 'COM7': FileNotFoundError(2, 'The system cannot find the file specified.', None, 2)
2026-07-13 17:39:11,772 [INFO] Reconnecting attempt 144 in 3 seconds...
2026-07-13 17:39:14,773 [ERROR] Serial port connection error: could not open port 'COM7': FileNotFoundError(2, 'The system cannot find the file specified.', None, 2)
2026-07-13 17:39:14,822 [INFO] Reconnecting attempt 145 in 3 seconds...
2026-07-13 17:39:17,823 [ERROR] Serial port connection error: could not open port 'COM7': FileNotFoundError(2, 'The system cannot find the file specified.', None, 2)
2026-07-13 17:39:17,840 [INFO] Reconnecting attempt 146 in 3 seconds...
2026-07-13 17:39:20,841 [ERROR] Serial port connection error: could not open port 'COM7': FileNotFoundError(2, 'The system cannot find the file specified.', None, 2)
2026-07-13 17:39:20,859 [INFO] Reconnecting attempt 147 in 3 seconds...
2026-07-13 17:39:23,861 [ERROR] Serial port connection error: could not open port 'COM7': FileNotFoundError(2, 'The system cannot find the file specified.', None, 2)
2026-07-13 17:39:23,915 [INFO] Reconnecting attempt 148 in 3 seconds...
2026-07-13 17:39:26,916 [ERROR] Serial port connection error: could not open port 'COM7': FileNotFoundError(2, 'The system cannot find the file specified.', None, 2)
2026-07-13 17:39:26,945 [INFO] Reconnecting attempt 149 in 3 seconds...
2026-07-13 17:39:29,948 [ERROR] Serial port connection error: could not open port 'COM7': FileNotFoundError(2, 'The system cannot find the file specified.', None, 2)
2026-07-13 17:39:29,967 [INFO] Reconnecting attempt 150 in 3 seconds...
2026-07-13 17:39:32,968 [ERROR] Serial port connection error: could not open port 'COM7': FileNotFoundError(2, 'The system cannot find the file specified.', None, 2)
2026-07-13 17:39:33,005 [INFO] Reconnecting attempt 151 in 3 seconds...
2026-07-13 17:39:36,005 [ERROR] Serial port connection error: could not open port 'COM7': FileNotFoundError(2, 'The system cannot find the file specified.', None, 2)
2026-07-13 17:39:36,064 [INFO] Reconnecting attempt 152 in 3 seconds...
2026-07-13 17:39:39,065 [ERROR] Serial port connection error: could not open port 'COM7': FileNotFoundError(2, 'The system cannot find the file specified.', None, 2)
2026-07-13 17:39:39,098 [INFO] Reconnecting attempt 153 in 3 seconds...
2026-07-13 17:39:42,099 [ERROR] Serial port connection error: could not open port 'COM7': FileNotFoundError(2, 'The system cannot find the file specified.', None, 2)
2026-07-13 17:39:42,120 [INFO] Reconnecting attempt 154 in 3 seconds...
2026-07-13 17:39:45,122 [ERROR] Serial port connection error: could not open port 'COM7': FileNotFoundError(2, 'The system cannot find the file specified.', None, 2)
2026-07-13 17:39:45,173 [INFO] Reconnecting attempt 155 in 3 seconds...
2026-07-13 17:39:48,173 [ERROR] Serial port connection error: could not open port 'COM7': FileNotFoundError(2, 'The system cannot find the file specified.', None, 2)
2026-07-13 17:39:48,191 [INFO] Reconnecting attempt 156 in 3 seconds...
2026-07-13 17:39:51,193 [ERROR] Serial port connection error: could not open port 'COM7': FileNotFoundError(2, 'The system cannot find the file specified.', None, 2)
2026-07-13 17:39:51,243 [INFO] Reconnecting attempt 157 in 3 seconds...
2026-07-13 17:39:54,244 [ERROR] Serial port connection error: could not open port 'COM7': FileNotFoundError(2, 'The system cannot find the file specified.', None, 2)
2026-07-13 17:39:54,265 [INFO] Reconnecting attempt 158 in 3 seconds...
2026-07-13 17:39:57,267 [ERROR] Serial port connection error: could not open port 'COM7': FileNotFoundError(2, 'The system cannot find the file specified.', None, 2)
2026-07-13 17:39:57,323 [INFO] Reconnecting attempt 159 in 3 seconds...
2026-07-13 17:40:00,324 [ERROR] Serial port connection error: could not open port 'COM7': FileNotFoundError(2, 'The system cannot find the file specified.', None, 2)
2026-07-13 17:40:00,372 [INFO] Reconnecting attempt 160 in 3 seconds...
2026-07-13 17:40:03,373 [ERROR] Serial port connection error: could not open port 'COM7': FileNotFoundError(2, 'The system cannot find the file specified.', None, 2)
2026-07-13 17:40:03,396 [INFO] Reconnecting attempt 161 in 3 seconds...
2026-07-13 17:40:06,397 [ERROR] Serial port connection error: could not open port 'COM7': FileNotFoundError(2, 'The system cannot find the file specified.', None, 2)
2026-07-13 17:40:06,446 [INFO] Reconnecting attempt 162 in 3 seconds...
2026-07-13 17:40:09,447 [ERROR] Serial port connection error: could not open port 'COM7': FileNotFoundError(2, 'The system cannot find the file specified.', None, 2)
2026-07-13 17:40:09,511 [INFO] Reconnecting attempt 163 in 3 seconds...
2026-07-13 17:40:12,513 [ERROR] Serial port connection error: could not open port 'COM7': FileNotFoundError(2, 'The system cannot find the file specified.', None, 2)
2026-07-13 17:40:12,582 [INFO] Reconnecting attempt 164 in 3 seconds...
2026-07-13 17:40:15,583 [ERROR] Serial port connection error: could not open port 'COM7': FileNotFoundError(2, 'The system cannot find the file specified.', None, 2)
2026-07-13 17:40:15,619 [INFO] Reconnecting attempt 165 in 3 seconds...
2026-07-13 17:40:18,627 [ERROR] Serial port connection error: could not open port 'COM7': FileNotFoundError(2, 'The system cannot find the file specified.', None, 2)
2026-07-13 17:40:18,672 [INFO] Reconnecting attempt 166 in 3 seconds...
2026-07-13 17:40:21,674 [ERROR] Serial port connection error: could not open port 'COM7': FileNotFoundError(2, 'The system cannot find the file specified.', None, 2)
2026-07-13 17:40:21,714 [INFO] Reconnecting attempt 167 in 3 seconds...
2026-07-13 17:40:24,715 [ERROR] Serial port connection error: could not open port 'COM7': FileNotFoundError(2, 'The system cannot find the file specified.', None, 2)
2026-07-13 17:40:24,736 [INFO] Reconnecting attempt 168 in 3 seconds...
2026-07-13 17:40:27,738 [ERROR] Serial port connection error: could not open port 'COM7': FileNotFoundError(2, 'The system cannot find the file specified.', None, 2)
2026-07-13 17:40:27,757 [INFO] Reconnecting attempt 169 in 3 seconds...
2026-07-13 17:40:30,758 [ERROR] Serial port connection error: could not open port 'COM7': FileNotFoundError(2, 'The system cannot find the file specified.', None, 2)
2026-07-13 17:40:30,787 [INFO] Reconnecting attempt 170 in 3 seconds...
2026-07-13 17:40:33,788 [ERROR] Serial port connection error: could not open port 'COM7': FileNotFoundError(2, 'The system cannot find the file specified.', None, 2)
2026-07-13 17:40:33,815 [INFO] Reconnecting attempt 171 in 3 seconds...
2026-07-13 17:40:36,817 [ERROR] Serial port connection error: could not open port 'COM7': FileNotFoundError(2, 'The system cannot find the file specified.', None, 2)
2026-07-13 17:40:36,875 [INFO] Reconnecting attempt 172 in 3 seconds...
2026-07-13 17:40:39,876 [ERROR] Serial port connection error: could not open port 'COM7': FileNotFoundError(2, 'The system cannot find the file specified.', None, 2)
2026-07-13 17:40:39,896 [INFO] Reconnecting attempt 173 in 3 seconds...
2026-07-13 17:40:42,897 [ERROR] Serial port connection error: could not open port 'COM7': FileNotFoundError(2, 'The system cannot find the file specified.', None, 2)
2026-07-13 17:40:42,920 [INFO] Reconnecting attempt 174 in 3 seconds...
2026-07-13 17:40:45,921 [ERROR] Serial port connection error: could not open port 'COM7': FileNotFoundError(2, 'The system cannot find the file specified.', None, 2)
2026-07-13 17:40:45,942 [INFO] Reconnecting attempt 175 in 3 seconds...
2026-07-13 17:40:48,943 [ERROR] Serial port connection error: could not open port 'COM7': FileNotFoundError(2, 'The system cannot find the file specified.', None, 2)
2026-07-13 17:40:48,989 [INFO] Reconnecting attempt 176 in 3 seconds...
2026-07-13 17:40:51,991 [ERROR] Serial port connection error: could not open port 'COM7': FileNotFoundError(2, 'The system cannot find the file specified.', None, 2)
2026-07-13 17:40:52,051 [INFO] Reconnecting attempt 177 in 3 seconds...
2026-07-13 17:40:55,053 [ERROR] Serial port connection error: could not open port 'COM7': FileNotFoundError(2, 'The system cannot find the file specified.', None, 2)
2026-07-13 17:40:55,107 [INFO] Reconnecting attempt 178 in 3 seconds...
2026-07-13 17:40:58,108 [ERROR] Serial port connection error: could not open port 'COM7': FileNotFoundError(2, 'The system cannot find the file specified.', None, 2)
2026-07-13 17:40:58,124 [INFO] Reconnecting attempt 179 in 3 seconds...
2026-07-13 17:41:01,125 [ERROR] Serial port connection error: could not open port 'COM7': FileNotFoundError(2, 'The system cannot find the file specified.', None, 2)
2026-07-13 17:41:01,144 [INFO] Reconnecting attempt 180 in 3 seconds...
2026-07-13 17:41:04,146 [ERROR] Serial port connection error: could not open port 'COM7': FileNotFoundError(2, 'The system cannot find the file specified.', None, 2)
2026-07-13 17:41:04,187 [INFO] Reconnecting attempt 181 in 3 seconds...
2026-07-13 17:41:07,188 [ERROR] Serial port connection error: could not open port 'COM7': FileNotFoundError(2, 'The system cannot find the file specified.', None, 2)
2026-07-13 17:41:07,242 [INFO] Reconnecting attempt 182 in 3 seconds...
2026-07-13 17:41:10,248 [ERROR] Serial port connection error: could not open port 'COM7': FileNotFoundError(2, 'The system cannot find the file specified.', None, 2)
2026-07-13 17:41:10,268 [INFO] Reconnecting attempt 183 in 3 seconds...
2026-07-13 17:41:13,269 [ERROR] Serial port connection error: could not open port 'COM7': FileNotFoundError(2, 'The system cannot find the file specified.', None, 2)
2026-07-13 17:41:13,284 [INFO] Reconnecting attempt 184 in 3 seconds...
2026-07-13 17:41:16,293 [ERROR] Serial port connection error: could not open port 'COM7': FileNotFoundError(2, 'The system cannot find the file specified.', None, 2)
2026-07-13 17:41:16,362 [INFO] Reconnecting attempt 185 in 3 seconds...
2026-07-13 17:41:19,365 [ERROR] Serial port connection error: could not open port 'COM7': FileNotFoundError(2, 'The system cannot find the file specified.', None, 2)
2026-07-13 17:41:19,387 [INFO] Reconnecting attempt 186 in 3 seconds...
2026-07-13 17:41:22,388 [ERROR] Serial port connection error: could not open port 'COM7': FileNotFoundError(2, 'The system cannot find the file specified.', None, 2)
2026-07-13 17:41:22,408 [INFO] Reconnecting attempt 187 in 3 seconds...
2026-07-13 17:41:25,409 [ERROR] Serial port connection error: could not open port 'COM7': FileNotFoundError(2, 'The system cannot find the file specified.', None, 2)
2026-07-13 17:41:25,435 [INFO] Reconnecting attempt 188 in 3 seconds...
2026-07-13 17:41:28,438 [ERROR] Serial port connection error: could not open port 'COM7': FileNotFoundError(2, 'The system cannot find the file specified.', None, 2)
2026-07-13 17:41:28,466 [INFO] Reconnecting attempt 189 in 3 seconds...
2026-07-13 17:41:31,466 [ERROR] Serial port connection error: could not open port 'COM7': FileNotFoundError(2, 'The system cannot find the file specified.', None, 2)
2026-07-13 17:41:31,482 [INFO] Reconnecting attempt 190 in 3 seconds...
2026-07-13 17:41:34,484 [ERROR] Serial port connection error: could not open port 'COM7': FileNotFoundError(2, 'The system cannot find the file specified.', None, 2)
2026-07-13 17:41:34,563 [INFO] Reconnecting attempt 191 in 3 seconds...
2026-07-13 17:41:37,565 [ERROR] Serial port connection error: could not open port 'COM7': FileNotFoundError(2, 'The system cannot find the file specified.', None, 2)
2026-07-13 17:41:37,619 [INFO] Reconnecting attempt 192 in 3 seconds...
2026-07-13 17:41:40,621 [ERROR] Serial port connection error: could not open port 'COM7': FileNotFoundError(2, 'The system cannot find the file specified.', None, 2)
2026-07-13 17:41:40,638 [INFO] Reconnecting attempt 193 in 3 seconds...
2026-07-13 17:41:43,639 [ERROR] Serial port connection error: could not open port 'COM7': FileNotFoundError(2, 'The system cannot find the file specified.', None, 2)
2026-07-13 17:41:43,656 [INFO] Reconnecting attempt 194 in 3 seconds...
2026-07-13 17:41:46,657 [ERROR] Serial port connection error: could not open port 'COM7': FileNotFoundError(2, 'The system cannot find the file specified.', None, 2)
2026-07-13 17:41:46,705 [INFO] Reconnecting attempt 195 in 3 seconds...
2026-07-13 17:41:49,706 [ERROR] Serial port connection error: could not open port 'COM7': FileNotFoundError(2, 'The system cannot find the file specified.', None, 2)
2026-07-13 17:41:49,743 [INFO] Reconnecting attempt 196 in 3 seconds...
2026-07-13 17:41:52,744 [ERROR] Serial port connection error: could not open port 'COM7': FileNotFoundError(2, 'The system cannot find the file specified.', None, 2)
2026-07-13 17:41:52,775 [INFO] Reconnecting attempt 197 in 3 seconds...
2026-07-13 17:41:55,777 [ERROR] Serial port connection error: could not open port 'COM7': FileNotFoundError(2, 'The system cannot find the file specified.', None, 2)
2026-07-13 17:41:55,833 [INFO] Reconnecting attempt 198 in 3 seconds...
2026-07-13 17:41:58,836 [ERROR] Serial port connection error: could not open port 'COM7': FileNotFoundError(2, 'The system cannot find the file specified.', None, 2)
2026-07-13 17:41:58,875 [INFO] Reconnecting attempt 199 in 3 seconds...
2026-07-13 17:42:01,876 [ERROR] Serial port connection error: could not open port 'COM7': FileNotFoundError(2, 'The system cannot find the file specified.', None, 2)
2026-07-13 17:44:00,757 [INFO] Reconnecting attempt 200 in 3 seconds...
2026-07-13 17:44:03,758 [ERROR] Serial port connection error: could not open port 'COM7': FileNotFoundError(2, 'The system cannot find the file specified.', None, 2)
2026-07-13 17:44:03,781 [INFO] Reconnecting attempt 201 in 3 seconds...
2026-07-13 21:39:49,628 [ERROR] Serial port connection error: could not open port 'COM7': FileNotFoundError(2, 'The system cannot find the file specified.', None, 2)
2026-07-13 21:39:52,192 [INFO] Reconnecting attempt 202 in 3 seconds...
2026-07-13 21:39:55,196 [ERROR] Serial port connection error: could not open port 'COM7': FileNotFoundError(2, 'The system cannot find the file specified.', None, 2)
2026-07-13 21:39:55,240 [INFO] Reconnecting attempt 203 in 3 seconds...
2026-07-13 21:39:58,241 [ERROR] Serial port connection error: could not open port 'COM7': FileNotFoundError(2, 'The system cannot find the file specified.', None, 2)
2026-07-13 21:39:58,309 [INFO] Reconnecting attempt 204 in 3 seconds...
2026-07-13 21:40:01,310 [ERROR] Serial port connection error: could not open port 'COM7': FileNotFoundError(2, 'The system cannot find the file specified.', None, 2)
2026-07-13 21:40:01,340 [INFO] Reconnecting attempt 205 in 3 seconds...
2026-07-13 21:40:04,341 [ERROR] Serial port connection error: could not open port 'COM7': FileNotFoundError(2, 'The system cannot find the file specified.', None, 2)
2026-07-13 21:40:04,360 [INFO] Reconnecting attempt 206 in 3 seconds...
2026-07-13 21:40:07,361 [ERROR] Serial port connection error: could not open port 'COM7': FileNotFoundError(2, 'The system cannot find the file specified.', None, 2)
2026-07-13 21:40:07,381 [INFO] Reconnecting attempt 207 in 3 seconds...
2026-07-13 21:40:10,384 [ERROR] Serial port connection error: could not open port 'COM7': FileNotFoundError(2, 'The system cannot find the file specified.', None, 2)
2026-07-13 21:40:10,415 [INFO] Reconnecting attempt 208 in 3 seconds...
2026-07-13 21:40:13,416 [ERROR] Serial port connection error: could not open port 'COM7': FileNotFoundError(2, 'The system cannot find the file specified.', None, 2)
2026-07-13 21:40:13,505 [INFO] Reconnecting attempt 209 in 3 seconds...
2026-07-13 21:40:16,505 [ERROR] Serial port connection error: could not open port 'COM7': FileNotFoundError(2, 'The system cannot find the file specified.', None, 2)
2026-07-13 21:40:16,554 [INFO] Reconnecting attempt 210 in 3 seconds...
2026-07-13 21:40:19,562 [ERROR] Serial port connection error: could not open port 'COM7': FileNotFoundError(2, 'The system cannot find the file specified.', None, 2)
2026-07-13 21:40:19,663 [INFO] Reconnecting attempt 211 in 3 seconds...
2026-07-13 21:40:22,672 [ERROR] Serial port connection error: could not open port 'COM7': FileNotFoundError(2, 'The system cannot find the file specified.', None, 2)
2026-07-13 21:40:22,738 [INFO] Reconnecting attempt 212 in 3 seconds...
2026-07-13 21:40:25,739 [ERROR] Serial port connection error: could not open port 'COM7': FileNotFoundError(2, 'The system cannot find the file specified.', None, 2)
2026-07-13 21:40:25,772 [INFO] Reconnecting attempt 213 in 3 seconds...
2026-07-13 21:40:28,773 [ERROR] Serial port connection error: could not open port 'COM7': FileNotFoundError(2, 'The system cannot find the file specified.', None, 2)
2026-07-13 21:40:28,817 [INFO] Reconnecting attempt 214 in 3 seconds...
2026-07-13 21:40:31,818 [ERROR] Serial port connection error: could not open port 'COM7': FileNotFoundError(2, 'The system cannot find the file specified.', None, 2)
2026-07-13 21:40:31,898 [INFO] Reconnecting attempt 215 in 3 seconds...
2026-07-13 21:40:34,904 [ERROR] Serial port connection error: could not open port 'COM7': FileNotFoundError(2, 'The system cannot find the file specified.', None, 2)
2026-07-13 21:40:35,052 [INFO] Reconnecting attempt 216 in 3 seconds...
2026-07-13 21:40:38,053 [ERROR] Serial port connection error: could not open port 'COM7': FileNotFoundError(2, 'The system cannot find the file specified.', None, 2)
2026-07-13 21:40:38,095 [INFO] Reconnecting attempt 217 in 3 seconds...
2026-07-13 21:40:41,096 [ERROR] Serial port connection error: could not open port 'COM7': FileNotFoundError(2, 'The system cannot find the file specified.', None, 2)
2026-07-13 21:40:41,126 [INFO] Reconnecting attempt 218 in 3 seconds...
2026-07-13 21:40:44,127 [ERROR] Serial port connection error: could not open port 'COM7': FileNotFoundError(2, 'The system cannot find the file specified.', None, 2)
2026-07-13 21:40:44,195 [INFO] Reconnecting attempt 219 in 3 seconds...
2026-07-13 21:40:47,196 [ERROR] Serial port connection error: could not open port 'COM7': FileNotFoundError(2, 'The system cannot find the file specified.', None, 2)
2026-07-13 21:40:47,257 [INFO] Reconnecting attempt 220 in 3 seconds...
2026-07-13 21:40:50,257 [ERROR] Serial port connection error: could not open port 'COM7': FileNotFoundError(2, 'The system cannot find the file specified.', None, 2)
2026-07-13 21:40:50,273 [INFO] Reconnecting attempt 221 in 3 seconds...
2026-07-13 21:40:53,275 [ERROR] Serial port connection error: could not open port 'COM7': FileNotFoundError(2, 'The system cannot find the file specified.', None, 2)
2026-07-13 21:40:53,318 [INFO] Reconnecting attempt 222 in 3 seconds...
2026-07-13 21:40:56,319 [ERROR] Serial port connection error: could not open port 'COM7': FileNotFoundError(2, 'The system cannot find the file specified.', None, 2)
2026-07-13 21:40:56,355 [INFO] Reconnecting attempt 223 in 3 seconds...
2026-07-13 21:40:59,356 [ERROR] Serial port connection error: could not open port 'COM7': FileNotFoundError(2, 'The system cannot find the file specified.', None, 2)
2026-07-13 21:40:59,424 [INFO] Reconnecting attempt 224 in 3 seconds...
2026-07-13 21:41:02,425 [ERROR] Serial port connection error: could not open port 'COM7': FileNotFoundError(2, 'The system cannot find the file specified.', None, 2)
2026-07-13 21:41:02,489 [INFO] Reconnecting attempt 225 in 3 seconds...
2026-07-13 21:41:05,490 [ERROR] Serial port connection error: could not open port 'COM7': FileNotFoundError(2, 'The system cannot find the file specified.', None, 2)
2026-07-13 21:41:05,541 [INFO] Reconnecting attempt 226 in 3 seconds...
2026-07-13 21:41:08,542 [ERROR] Serial port connection error: could not open port 'COM7': FileNotFoundError(2, 'The system cannot find the file specified.', None, 2)
2026-07-13 21:41:08,570 [INFO] Reconnecting attempt 227 in 3 seconds...
2026-07-13 21:41:11,571 [ERROR] Serial port connection error: could not open port 'COM7': FileNotFoundError(2, 'The system cannot find the file specified.', None, 2)
2026-07-13 21:41:11,598 [INFO] Reconnecting attempt 228 in 3 seconds...
2026-07-13 21:41:14,600 [ERROR] Serial port connection error: could not open port 'COM7': FileNotFoundError(2, 'The system cannot find the file specified.', None, 2)
2026-07-13 21:41:14,663 [INFO] Reconnecting attempt 229 in 3 seconds...
2026-07-13 21:41:17,664 [ERROR] Serial port connection error: could not open port 'COM7': FileNotFoundError(2, 'The system cannot find the file specified.', None, 2)
2026-07-13 21:41:17,701 [INFO] Reconnecting attempt 230 in 3 seconds...
2026-07-13 21:41:20,702 [ERROR] Serial port connection error: could not open port 'COM7': FileNotFoundError(2, 'The system cannot find the file specified.', None, 2)
2026-07-13 21:41:20,744 [INFO] Reconnecting attempt 231 in 3 seconds...
2026-07-13 21:41:23,745 [ERROR] Serial port connection error: could not open port 'COM7': FileNotFoundError(2, 'The system cannot find the file specified.', None, 2)
2026-07-13 21:41:23,765 [INFO] Reconnecting attempt 232 in 3 seconds...
2026-07-13 21:41:26,766 [ERROR] Serial port connection error: could not open port 'COM7': FileNotFoundError(2, 'The system cannot find the file specified.', None, 2)
2026-07-13 21:41:26,788 [INFO] Reconnecting attempt 233 in 3 seconds...
2026-07-13 21:41:29,790 [ERROR] Serial port connection error: could not open port 'COM7': FileNotFoundError(2, 'The system cannot find the file specified.', None, 2)
2026-07-13 21:41:29,838 [INFO] Reconnecting attempt 234 in 3 seconds...
2026-07-13 21:41:32,846 [ERROR] Serial port connection error: could not open port 'COM7': FileNotFoundError(2, 'The system cannot find the file specified.', None, 2)
2026-07-13 21:41:32,884 [INFO] Reconnecting attempt 235 in 3 seconds...
2026-07-13 21:41:35,885 [ERROR] Serial port connection error: could not open port 'COM7': FileNotFoundError(2, 'The system cannot find the file specified.', None, 2)
2026-07-13 21:41:35,959 [INFO] Reconnecting attempt 236 in 3 seconds...
2026-07-13 21:41:38,961 [ERROR] Serial port connection error: could not open port 'COM7': FileNotFoundError(2, 'The system cannot find the file specified.', None, 2)
2026-07-13 21:41:39,030 [INFO] Reconnecting attempt 237 in 3 seconds...
2026-07-13 21:41:42,031 [ERROR] Serial port connection error: could not open port 'COM7': FileNotFoundError(2, 'The system cannot find the file specified.', None, 2)
2026-07-13 21:41:42,047 [INFO] Reconnecting attempt 238 in 3 seconds...
2026-07-13 21:41:45,048 [ERROR] Serial port connection error: could not open port 'COM7': FileNotFoundError(2, 'The system cannot find the file specified.', None, 2)
2026-07-13 21:41:45,112 [INFO] Reconnecting attempt 239 in 3 seconds...
2026-07-13 21:41:48,113 [ERROR] Serial port connection error: could not open port 'COM7': FileNotFoundError(2, 'The system cannot find the file specified.', None, 2)
2026-07-13 21:41:48,139 [INFO] Reconnecting attempt 240 in 3 seconds...
2026-07-13 21:41:51,140 [ERROR] Serial port connection error: could not open port 'COM7': FileNotFoundError(2, 'The system cannot find the file specified.', None, 2)
2026-07-13 21:41:51,183 [INFO] Reconnecting attempt 241 in 3 seconds...
2026-07-13 21:41:54,185 [ERROR] Serial port connection error: could not open port 'COM7': FileNotFoundError(2, 'The system cannot find the file specified.', None, 2)
2026-07-13 21:41:54,257 [INFO] Reconnecting attempt 242 in 3 seconds...
2026-07-13 21:41:57,258 [ERROR] Serial port connection error: could not open port 'COM7': FileNotFoundError(2, 'The system cannot find the file specified.', None, 2)
2026-07-13 21:41:57,296 [INFO] Reconnecting attempt 243 in 3 seconds...
2026-07-13 21:42:00,297 [ERROR] Serial port connection error: could not open port 'COM7': FileNotFoundError(2, 'The system cannot find the file specified.', None, 2)
2026-07-13 21:42:00,358 [INFO] Reconnecting attempt 244 in 3 seconds...
2026-07-13 21:42:03,360 [ERROR] Serial port connection error: could not open port 'COM7': FileNotFoundError(2, 'The system cannot find the file specified.', None, 2)
2026-07-13 21:42:03,380 [INFO] Reconnecting attempt 245 in 3 seconds...
2026-07-13 21:42:06,382 [ERROR] Serial port connection error: could not open port 'COM7': FileNotFoundError(2, 'The system cannot find the file specified.', None, 2)
2026-07-13 21:42:06,409 [INFO] Reconnecting attempt 246 in 3 seconds...
2026-07-13 21:42:09,410 [ERROR] Serial port connection error: could not open port 'COM7': FileNotFoundError(2, 'The system cannot find the file specified.', None, 2)
2026-07-13 21:42:09,471 [INFO] Reconnecting attempt 247 in 3 seconds...
2026-07-13 21:42:12,472 [ERROR] Serial port connection error: could not open port 'COM7': FileNotFoundError(2, 'The system cannot find the file specified.', None, 2)
2026-07-13 21:42:12,512 [INFO] Reconnecting attempt 248 in 3 seconds...
2026-07-13 21:42:15,513 [ERROR] Serial port connection error: could not open port 'COM7': FileNotFoundError(2, 'The system cannot find the file specified.', None, 2)
2026-07-13 21:42:15,573 [INFO] Reconnecting attempt 249 in 3 seconds...
2026-07-13 21:42:18,574 [ERROR] Serial port connection error: could not open port 'COM7': FileNotFoundError(2, 'The system cannot find the file specified.', None, 2)
2026-07-13 21:42:18,594 [INFO] Reconnecting attempt 250 in 3 seconds...
2026-07-13 21:42:21,595 [ERROR] Serial port connection error: could not open port 'COM7': FileNotFoundError(2, 'The system cannot find the file specified.', None, 2)
2026-07-13 21:42:21,659 [INFO] Reconnecting attempt 251 in 3 seconds...
2026-07-13 21:42:24,659 [ERROR] Serial port connection error: could not open port 'COM7': FileNotFoundError(2, 'The system cannot find the file specified.', None, 2)
2026-07-13 21:42:24,667 [INFO] Reconnecting attempt 252 in 3 seconds...
2026-07-13 21:42:27,668 [ERROR] Serial port connection error: could not open port 'COM7': FileNotFoundError(2, 'The system cannot find the file specified.', None, 2)
2026-07-13 21:42:27,722 [INFO] Reconnecting attempt 253 in 3 seconds...
2026-07-13 21:42:30,724 [ERROR] Serial port connection error: could not open port 'COM7': FileNotFoundError(2, 'The system cannot find the file specified.', None, 2)
2026-07-13 21:42:30,757 [INFO] Reconnecting attempt 254 in 3 seconds...
2026-07-13 21:42:33,794 [ERROR] Serial port connection error: could not open port 'COM7': FileNotFoundError(2, 'The system cannot find the file specified.', None, 2)
2026-07-13 21:42:33,831 [INFO] Reconnecting attempt 255 in 3 seconds...
2026-07-13 21:42:36,833 [ERROR] Serial port connection error: could not open port 'COM7': FileNotFoundError(2, 'The system cannot find the file specified.', None, 2)
2026-07-13 21:42:36,893 [INFO] Reconnecting attempt 256 in 3 seconds...
2026-07-13 21:42:39,895 [ERROR] Serial port connection error: could not open port 'COM7': FileNotFoundError(2, 'The system cannot find the file specified.', None, 2)
2026-07-13 21:42:39,962 [INFO] Reconnecting attempt 257 in 3 seconds...
2026-07-13 21:42:42,968 [ERROR] Serial port connection error: could not open port 'COM7': FileNotFoundError(2, 'The system cannot find the file specified.', None, 2)
2026-07-13 21:42:42,988 [INFO] Reconnecting attempt 258 in 3 seconds...
2026-07-13 21:42:45,989 [ERROR] Serial port connection error: could not open port 'COM7': FileNotFoundError(2, 'The system cannot find the file specified.', None, 2)
2026-07-13 21:42:46,022 [INFO] Reconnecting attempt 259 in 3 seconds...
2026-07-13 21:42:49,023 [ERROR] Serial port connection error: could not open port 'COM7': FileNotFoundError(2, 'The system cannot find the file specified.', None, 2)
2026-07-13 21:42:49,062 [INFO] Reconnecting attempt 260 in 3 seconds...
2026-07-13 21:42:52,063 [ERROR] Serial port connection error: could not open port 'COM7': FileNotFoundError(2, 'The system cannot find the file specified.', None, 2)
2026-07-13 21:42:52,121 [INFO] Reconnecting attempt 261 in 3 seconds...
2026-07-13 21:42:55,122 [ERROR] Serial port connection error: could not open port 'COM7': FileNotFoundError(2, 'The system cannot find the file specified.', None, 2)
2026-07-13 21:42:55,194 [INFO] Reconnecting attempt 262 in 3 seconds...
2026-07-13 21:42:58,195 [ERROR] Serial port connection error: could not open port 'COM7': FileNotFoundError(2, 'The system cannot find the file specified.', None, 2)
2026-07-13 21:42:58,212 [INFO] Reconnecting attempt 263 in 3 seconds...
2026-07-13 21:43:01,214 [ERROR] Serial port connection error: could not open port 'COM7': FileNotFoundError(2, 'The system cannot find the file specified.', None, 2)
2026-07-13 21:43:01,271 [INFO] Reconnecting attempt 264 in 3 seconds...
2026-07-13 21:57:44,324 [ERROR] Serial port connection error: could not open port 'COM7': FileNotFoundError(2, 'The system cannot find the file specified.', None, 2)
2026-07-13 21:57:47,721 [INFO] Reconnecting attempt 265 in 3 seconds...
2026-07-13 23:14:36,944 [ERROR] Serial port connection error: could not open port 'COM7': FileNotFoundError(2, 'The system cannot find the file specified.', None, 2)
2026-07-13 23:14:39,029 [INFO] Reconnecting attempt 266 in 3 seconds...
2026-07-13 23:14:42,227 [ERROR] Serial port connection error: could not open port 'COM7': FileNotFoundError(2, 'The system cannot find the file specified.', None, 2)
2026-07-13 23:14:43,642 [INFO] Reconnecting attempt 267 in 3 seconds...
2026-07-13 23:14:46,686 [ERROR] Serial port connection error: could not open port 'COM7': FileNotFoundError(2, 'The system cannot find the file specified.', None, 2)
2026-07-13 23:14:46,872 [INFO] Reconnecting attempt 268 in 3 seconds...
2026-07-13 23:14:49,873 [ERROR] Serial port connection error: could not open port 'COM7': FileNotFoundError(2, 'The system cannot find the file specified.', None, 2)
2026-07-13 23:14:49,898 [INFO] Reconnecting attempt 269 in 3 seconds...
2026-07-13 23:14:52,899 [ERROR] Serial port connection error: could not open port 'COM7': FileNotFoundError(2, 'The system cannot find the file specified.', None, 2)
2026-07-13 23:14:52,922 [INFO] Reconnecting attempt 270 in 3 seconds...
2026-07-13 23:14:55,923 [ERROR] Serial port connection error: could not open port 'COM7': FileNotFoundError(2, 'The system cannot find the file specified.', None, 2)
2026-07-13 23:14:55,940 [INFO] Reconnecting attempt 271 in 3 seconds...
2026-07-13 23:14:58,941 [ERROR] Serial port connection error: could not open port 'COM7': FileNotFoundError(2, 'The system cannot find the file specified.', None, 2)
2026-07-13 23:14:58,972 [INFO] Reconnecting attempt 272 in 3 seconds...
2026-07-13 23:15:01,973 [ERROR] Serial port connection error: could not open port 'COM7': FileNotFoundError(2, 'The system cannot find the file specified.', None, 2)
2026-07-13 23:15:01,991 [INFO] Reconnecting attempt 273 in 3 seconds...
2026-07-13 23:15:04,992 [ERROR] Serial port connection error: could not open port 'COM7': FileNotFoundError(2, 'The system cannot find the file specified.', None, 2)
2026-07-13 23:15:05,028 [INFO] Reconnecting attempt 274 in 3 seconds...
2026-07-13 23:15:08,029 [ERROR] Serial port connection error: could not open port 'COM7': FileNotFoundError(2, 'The system cannot find the file specified.', None, 2)
2026-07-13 23:15:08,052 [INFO] Reconnecting attempt 275 in 3 seconds...
2026-07-13 23:15:11,054 [ERROR] Serial port connection error: could not open port 'COM7': FileNotFoundError(2, 'The system cannot find the file specified.', None, 2)
2026-07-13 23:15:11,097 [INFO] Reconnecting attempt 276 in 3 seconds...
2026-07-13 23:15:14,098 [ERROR] Serial port connection error: could not open port 'COM7': FileNotFoundError(2, 'The system cannot find the file specified.', None, 2)
2026-07-13 23:15:14,109 [INFO] Reconnecting attempt 277 in 3 seconds...
2026-07-13 23:15:17,110 [ERROR] Serial port connection error: could not open port 'COM7': FileNotFoundError(2, 'The system cannot find the file specified.', None, 2)
2026-07-13 23:15:17,127 [INFO] Reconnecting attempt 278 in 3 seconds...
2026-07-13 23:15:20,128 [ERROR] Serial port connection error: could not open port 'COM7': FileNotFoundError(2, 'The system cannot find the file specified.', None, 2)
2026-07-13 23:15:20,198 [INFO] Reconnecting attempt 279 in 3 seconds...
2026-07-13 23:15:23,200 [ERROR] Serial port connection error: could not open port 'COM7': FileNotFoundError(2, 'The system cannot find the file specified.', None, 2)
2026-07-13 23:15:23,307 [INFO] Reconnecting attempt 280 in 3 seconds...
2026-07-13 23:15:26,309 [ERROR] Serial port connection error: could not open port 'COM7': FileNotFoundError(2, 'The system cannot find the file specified.', None, 2)
2026-07-13 23:15:26,475 [INFO] Reconnecting attempt 281 in 3 seconds...
2026-07-13 23:15:29,485 [ERROR] Serial port connection error: could not open port 'COM7': FileNotFoundError(2, 'The system cannot find the file specified.', None, 2)
2026-07-13 23:15:29,556 [INFO] Reconnecting attempt 282 in 3 seconds...
2026-07-13 23:15:32,557 [ERROR] Serial port connection error: could not open port 'COM7': FileNotFoundError(2, 'The system cannot find the file specified.', None, 2)
2026-07-13 23:15:32,582 [INFO] Reconnecting attempt 283 in 3 seconds...
2026-07-13 23:15:35,584 [ERROR] Serial port connection error: could not open port 'COM7': FileNotFoundError(2, 'The system cannot find the file specified.', None, 2)
2026-07-13 23:15:35,675 [INFO] Reconnecting attempt 284 in 3 seconds...
2026-07-13 23:15:38,676 [ERROR] Serial port connection error: could not open port 'COM7': FileNotFoundError(2, 'The system cannot find the file specified.', None, 2)
2026-07-13 23:15:38,752 [INFO] Reconnecting attempt 285 in 3 seconds...
2026-07-13 23:15:41,753 [ERROR] Serial port connection error: could not open port 'COM7': FileNotFoundError(2, 'The system cannot find the file specified.', None, 2)
2026-07-13 23:15:41,873 [INFO] Reconnecting attempt 286 in 3 seconds...
2026-07-13 23:15:44,874 [ERROR] Serial port connection error: could not open port 'COM7': FileNotFoundError(2, 'The system cannot find the file specified.', None, 2)
2026-07-13 23:15:44,910 [INFO] Reconnecting attempt 287 in 3 seconds...
2026-07-13 23:15:47,911 [ERROR] Serial port connection error: could not open port 'COM7': FileNotFoundError(2, 'The system cannot find the file specified.', None, 2)
2026-07-13 23:15:47,978 [INFO] Reconnecting attempt 288 in 3 seconds...
2026-07-13 23:15:50,978 [ERROR] Serial port connection error: could not open port 'COM7': FileNotFoundError(2, 'The system cannot find the file specified.', None, 2)
2026-07-13 23:15:51,059 [INFO] Reconnecting attempt 289 in 3 seconds...
2026-07-13 23:15:54,060 [ERROR] Serial port connection error: could not open port 'COM7': FileNotFoundError(2, 'The system cannot find the file specified.', None, 2)
2026-07-13 23:15:54,198 [INFO] Reconnecting attempt 290 in 3 seconds...
2026-07-13 23:15:57,200 [ERROR] Serial port connection error: could not open port 'COM7': FileNotFoundError(2, 'The system cannot find the file specified.', None, 2)
2026-07-13 23:15:57,270 [INFO] Reconnecting attempt 291 in 3 seconds...
2026-07-13 23:16:00,271 [ERROR] Serial port connection error: could not open port 'COM7': FileNotFoundError(2, 'The system cannot find the file specified.', None, 2)
2026-07-13 23:16:00,343 [INFO] Reconnecting attempt 292 in 3 seconds...
2026-07-13 23:16:03,344 [ERROR] Serial port connection error: could not open port 'COM7': FileNotFoundError(2, 'The system cannot find the file specified.', None, 2)
2026-07-13 23:16:03,415 [INFO] Reconnecting attempt 293 in 3 seconds...
2026-07-13 23:16:06,415 [ERROR] Serial port connection error: could not open port 'COM7': FileNotFoundError(2, 'The system cannot find the file specified.', None, 2)
2026-07-13 23:16:06,448 [INFO] Reconnecting attempt 294 in 3 seconds...
2026-07-13 23:16:09,450 [ERROR] Serial port connection error: could not open port 'COM7': FileNotFoundError(2, 'The system cannot find the file specified.', None, 2)
2026-07-13 23:16:09,532 [INFO] Reconnecting attempt 295 in 3 seconds...
2026-07-13 23:16:12,534 [ERROR] Serial port connection error: could not open port 'COM7': FileNotFoundError(2, 'The system cannot find the file specified.', None, 2)
2026-07-13 23:16:12,615 [INFO] Reconnecting attempt 296 in 3 seconds...
2026-07-13 23:16:15,616 [ERROR] Serial port connection error: could not open port 'COM7': FileNotFoundError(2, 'The system cannot find the file specified.', None, 2)
2026-07-13 23:16:15,649 [INFO] Reconnecting attempt 297 in 3 seconds...
2026-07-13 23:16:18,650 [ERROR] Serial port connection error: could not open port 'COM7': FileNotFoundError(2, 'The system cannot find the file specified.', None, 2)
2026-07-13 23:16:18,705 [INFO] Reconnecting attempt 298 in 3 seconds...
2026-07-13 23:16:21,706 [ERROR] Serial port connection error: could not open port 'COM7': FileNotFoundError(2, 'The system cannot find the file specified.', None, 2)
2026-07-13 23:16:21,801 [INFO] Reconnecting attempt 299 in 3 seconds...
2026-07-13 23:16:24,802 [ERROR] Serial port connection error: could not open port 'COM7': FileNotFoundError(2, 'The system cannot find the file specified.', None, 2)
2026-07-13 23:16:24,880 [INFO] Reconnecting attempt 300 in 3 seconds...
2026-07-13 23:16:27,882 [ERROR] Serial port connection error: could not open port 'COM7': FileNotFoundError(2, 'The system cannot find the file specified.', None, 2)
2026-07-13 23:16:27,929 [INFO] Reconnecting attempt 301 in 3 seconds...
2026-07-13 23:16:30,930 [ERROR] Serial port connection error: could not open port 'COM7': FileNotFoundError(2, 'The system cannot find the file specified.', None, 2)
2026-07-13 23:16:30,979 [INFO] Reconnecting attempt 302 in 3 seconds...
2026-07-13 23:16:33,980 [ERROR] Serial port connection error: could not open port 'COM7': FileNotFoundError(2, 'The system cannot find the file specified.', None, 2)
2026-07-13 23:16:34,018 [INFO] Reconnecting attempt 303 in 3 seconds...
2026-07-13 23:16:37,019 [ERROR] Serial port connection error: could not open port 'COM7': FileNotFoundError(2, 'The system cannot find the file specified.', None, 2)
2026-07-13 23:16:37,118 [INFO] Reconnecting attempt 304 in 3 seconds...
2026-07-13 23:16:40,119 [ERROR] Serial port connection error: could not open port 'COM7': FileNotFoundError(2, 'The system cannot find the file specified.', None, 2)
2026-07-13 23:16:40,236 [INFO] Reconnecting attempt 305 in 3 seconds...
2026-07-13 23:16:43,238 [ERROR] Serial port connection error: could not open port 'COM7': FileNotFoundError(2, 'The system cannot find the file specified.', None, 2)
2026-07-13 23:16:43,307 [INFO] Reconnecting attempt 306 in 3 seconds...
2026-07-13 23:16:46,314 [ERROR] Serial port connection error: could not open port 'COM7': FileNotFoundError(2, 'The system cannot find the file specified.', None, 2)
2026-07-13 23:16:46,379 [INFO] Reconnecting attempt 307 in 3 seconds...
2026-07-13 23:16:49,380 [ERROR] Serial port connection error: could not open port 'COM7': FileNotFoundError(2, 'The system cannot find the file specified.', None, 2)
2026-07-13 23:16:49,612 [INFO] Reconnecting attempt 308 in 3 seconds...
2026-07-13 23:16:52,613 [ERROR] Serial port connection error: could not open port 'COM7': FileNotFoundError(2, 'The system cannot find the file specified.', None, 2)
2026-07-13 23:16:52,738 [INFO] Reconnecting attempt 309 in 3 seconds...
2026-07-13 23:16:55,739 [ERROR] Serial port connection error: could not open port 'COM7': FileNotFoundError(2, 'The system cannot find the file specified.', None, 2)
2026-07-13 23:16:55,771 [INFO] Reconnecting attempt 310 in 3 seconds...
2026-07-13 23:16:58,772 [ERROR] Serial port connection error: could not open port 'COM7': FileNotFoundError(2, 'The system cannot find the file specified.', None, 2)
2026-07-13 23:16:58,946 [INFO] Reconnecting attempt 311 in 3 seconds...
2026-07-13 23:17:01,950 [ERROR] Serial port connection error: could not open port 'COM7': FileNotFoundError(2, 'The system cannot find the file specified.', None, 2)
2026-07-13 23:17:02,034 [INFO] Reconnecting attempt 312 in 3 seconds...
2026-07-13 23:17:05,035 [ERROR] Serial port connection error: could not open port 'COM7': FileNotFoundError(2, 'The system cannot find the file specified.', None, 2)
2026-07-13 23:17:05,147 [INFO] Reconnecting attempt 313 in 3 seconds...
2026-07-13 23:17:08,148 [ERROR] Serial port connection error: could not open port 'COM7': FileNotFoundError(2, 'The system cannot find the file specified.', None, 2)
2026-07-13 23:17:08,200 [INFO] Reconnecting attempt 314 in 3 seconds...
2026-07-13 23:17:11,201 [ERROR] Serial port connection error: could not open port 'COM7': FileNotFoundError(2, 'The system cannot find the file specified.', None, 2)
2026-07-13 23:17:11,332 [INFO] Reconnecting attempt 315 in 3 seconds...
2026-07-13 23:17:14,333 [ERROR] Serial port connection error: could not open port 'COM7': FileNotFoundError(2, 'The system cannot find the file specified.', None, 2)
2026-07-13 23:17:14,377 [INFO] Reconnecting attempt 316 in 3 seconds...
2026-07-13 23:17:17,378 [ERROR] Serial port connection error: could not open port 'COM7': FileNotFoundError(2, 'The system cannot find the file specified.', None, 2)
2026-07-13 23:17:17,508 [INFO] Reconnecting attempt 317 in 3 seconds...
2026-07-13 23:17:20,510 [ERROR] Serial port connection error: could not open port 'COM7': FileNotFoundError(2, 'The system cannot find the file specified.', None, 2)
2026-07-13 23:17:20,549 [INFO] Reconnecting attempt 318 in 3 seconds...
2026-07-13 23:17:23,554 [ERROR] Serial port connection error: could not open port 'COM7': FileNotFoundError(2, 'The system cannot find the file specified.', None, 2)
2026-07-13 23:17:23,604 [INFO] Reconnecting attempt 319 in 3 seconds...
2026-07-13 23:17:26,605 [ERROR] Serial port connection error: could not open port 'COM7': FileNotFoundError(2, 'The system cannot find the file specified.', None, 2)
2026-07-13 23:17:26,673 [INFO] Reconnecting attempt 320 in 3 seconds...
2026-07-13 23:17:29,682 [ERROR] Serial port connection error: could not open port 'COM7': FileNotFoundError(2, 'The system cannot find the file specified.', None, 2)
2026-07-13 23:17:29,731 [INFO] Reconnecting attempt 321 in 3 seconds...
2026-07-13 23:17:32,732 [ERROR] Serial port connection error: could not open port 'COM7': FileNotFoundError(2, 'The system cannot find the file specified.', None, 2)
2026-07-13 23:17:32,785 [INFO] Reconnecting attempt 322 in 3 seconds...
2026-07-13 23:17:35,786 [ERROR] Serial port connection error: could not open port 'COM7': FileNotFoundError(2, 'The system cannot find the file specified.', None, 2)
2026-07-13 23:17:35,840 [INFO] Reconnecting attempt 323 in 3 seconds...
2026-07-13 23:17:38,842 [ERROR] Serial port connection error: could not open port 'COM7': FileNotFoundError(2, 'The system cannot find the file specified.', None, 2)
2026-07-13 23:17:38,864 [INFO] Reconnecting attempt 324 in 3 seconds...
2026-07-13 23:17:41,865 [ERROR] Serial port connection error: could not open port 'COM7': FileNotFoundError(2, 'The system cannot find the file specified.', None, 2)
2026-07-13 23:17:41,912 [INFO] Reconnecting attempt 325 in 3 seconds...
2026-07-13 23:17:44,913 [ERROR] Serial port connection error: could not open port 'COM7': FileNotFoundError(2, 'The system cannot find the file specified.', None, 2)
2026-07-13 23:17:44,935 [INFO] Reconnecting attempt 326 in 3 seconds...
2026-07-13 23:17:47,936 [ERROR] Serial port connection error: could not open port 'COM7': FileNotFoundError(2, 'The system cannot find the file specified.', None, 2)
2026-07-13 23:17:47,953 [INFO] Reconnecting attempt 327 in 3 seconds...
2026-07-13 23:17:50,955 [ERROR] Serial port connection error: could not open port 'COM7': FileNotFoundError(2, 'The system cannot find the file specified.', None, 2)
2026-07-13 23:17:51,032 [INFO] Reconnecting attempt 328 in 3 seconds...
2026-07-13 23:17:54,052 [ERROR] Serial port connection error: could not open port 'COM7': FileNotFoundError(2, 'The system cannot find the file specified.', None, 2)
2026-07-13 23:17:54,135 [INFO] Reconnecting attempt 329 in 3 seconds...
2026-07-13 23:17:57,137 [ERROR] Serial port connection error: could not open port 'COM7': FileNotFoundError(2, 'The system cannot find the file specified.', None, 2)
2026-07-13 23:17:57,185 [INFO] Reconnecting attempt 330 in 3 seconds...
2026-07-13 23:18:00,186 [ERROR] Serial port connection error: could not open port 'COM7': FileNotFoundError(2, 'The system cannot find the file specified.', None, 2)
2026-07-13 23:18:00,204 [INFO] Reconnecting attempt 331 in 3 seconds...
2026-07-13 23:18:03,209 [ERROR] Serial port connection error: could not open port 'COM7': FileNotFoundError(2, 'The system cannot find the file specified.', None, 2)
2026-07-13 23:18:03,260 [INFO] Reconnecting attempt 332 in 3 seconds...
2026-07-13 23:18:06,261 [ERROR] Serial port connection error: could not open port 'COM7': FileNotFoundError(2, 'The system cannot find the file specified.', None, 2)
2026-07-13 23:18:06,330 [INFO] Reconnecting attempt 333 in 3 seconds...
2026-07-13 23:18:09,331 [ERROR] Serial port connection error: could not open port 'COM7': FileNotFoundError(2, 'The system cannot find the file specified.', None, 2)
2026-07-13 23:18:09,383 [INFO] Reconnecting attempt 334 in 3 seconds...
2026-07-13 23:18:12,384 [ERROR] Serial port connection error: could not open port 'COM7': FileNotFoundError(2, 'The system cannot find the file specified.', None, 2)
2026-07-13 23:18:12,447 [INFO] Reconnecting attempt 335 in 3 seconds...
2026-07-13 23:18:15,449 [ERROR] Serial port connection error: could not open port 'COM7': FileNotFoundError(2, 'The system cannot find the file specified.', None, 2)
2026-07-13 23:18:15,514 [INFO] Reconnecting attempt 336 in 3 seconds...
2026-07-13 23:18:18,517 [ERROR] Serial port connection error: could not open port 'COM7': FileNotFoundError(2, 'The system cannot find the file specified.', None, 2)
2026-07-13 23:18:18,576 [INFO] Reconnecting attempt 337 in 3 seconds...
2026-07-13 23:18:21,578 [ERROR] Serial port connection error: could not open port 'COM7': FileNotFoundError(2, 'The system cannot find the file specified.', None, 2)
2026-07-13 23:18:21,631 [INFO] Reconnecting attempt 338 in 3 seconds...
2026-07-13 23:18:24,632 [ERROR] Serial port connection error: could not open port 'COM7': FileNotFoundError(2, 'The system cannot find the file specified.', None, 2)
2026-07-13 23:18:24,675 [INFO] Reconnecting attempt 339 in 3 seconds...
2026-07-13 23:18:27,676 [ERROR] Serial port connection error: could not open port 'COM7': FileNotFoundError(2, 'The system cannot find the file specified.', None, 2)
2026-07-13 23:18:27,696 [INFO] Reconnecting attempt 340 in 3 seconds...
2026-07-13 23:18:30,708 [ERROR] Serial port connection error: could not open port 'COM7': FileNotFoundError(2, 'The system cannot find the file specified.', None, 2)
2026-07-13 23:18:30,761 [INFO] Reconnecting attempt 341 in 3 seconds...
2026-07-13 23:18:33,762 [ERROR] Serial port connection error: could not open port 'COM7': FileNotFoundError(2, 'The system cannot find the file specified.', None, 2)
2026-07-13 23:18:33,787 [INFO] Reconnecting attempt 342 in 3 seconds...
2026-07-13 23:18:36,791 [ERROR] Serial port connection error: could not open port 'COM7': FileNotFoundError(2, 'The system cannot find the file specified.', None, 2)
2026-07-13 23:18:36,868 [INFO] Reconnecting attempt 343 in 3 seconds...
2026-07-13 23:18:39,869 [ERROR] Serial port connection error: could not open port 'COM7': FileNotFoundError(2, 'The system cannot find the file specified.', None, 2)
2026-07-13 23:18:39,888 [INFO] Reconnecting attempt 344 in 3 seconds...
2026-07-13 23:18:42,888 [ERROR] Serial port connection error: could not open port 'COM7': FileNotFoundError(2, 'The system cannot find the file specified.', None, 2)
2026-07-13 23:18:42,907 [INFO] Reconnecting attempt 345 in 3 seconds...
2026-07-13 23:18:45,908 [ERROR] Serial port connection error: could not open port 'COM7': FileNotFoundError(2, 'The system cannot find the file specified.', None, 2)
2026-07-13 23:18:46,010 [INFO] Reconnecting attempt 346 in 3 seconds...
2026-07-13 23:18:49,011 [ERROR] Serial port connection error: could not open port 'COM7': FileNotFoundError(2, 'The system cannot find the file specified.', None, 2)
2026-07-13 23:18:49,029 [INFO] Reconnecting attempt 347 in 3 seconds...
2026-07-13 23:18:52,031 [ERROR] Serial port connection error: could not open port 'COM7': FileNotFoundError(2, 'The system cannot find the file specified.', None, 2)
2026-07-13 23:18:52,080 [INFO] Reconnecting attempt 348 in 3 seconds...
2026-07-13 23:18:55,081 [ERROR] Serial port connection error: could not open port 'COM7': FileNotFoundError(2, 'The system cannot find the file specified.', None, 2)
2026-07-13 23:18:55,106 [INFO] Reconnecting attempt 349 in 3 seconds...
2026-07-13 23:18:58,107 [ERROR] Serial port connection error: could not open port 'COM7': FileNotFoundError(2, 'The system cannot find the file specified.', None, 2)
2026-07-13 23:18:58,123 [INFO] Reconnecting attempt 350 in 3 seconds...
2026-07-13 23:19:01,124 [ERROR] Serial port connection error: could not open port 'COM7': FileNotFoundError(2, 'The system cannot find the file specified.', None, 2)
2026-07-13 23:19:01,141 [INFO] Reconnecting attempt 351 in 3 seconds...
2026-07-13 23:19:04,142 [ERROR] Serial port connection error: could not open port 'COM7': FileNotFoundError(2, 'The system cannot find the file specified.', None, 2)
2026-07-13 23:19:04,165 [INFO] Reconnecting attempt 352 in 3 seconds...
2026-07-13 23:19:07,166 [ERROR] Serial port connection error: could not open port 'COM7': FileNotFoundError(2, 'The system cannot find the file specified.', None, 2)
2026-07-13 23:19:07,243 [INFO] Reconnecting attempt 353 in 3 seconds...
2026-07-13 23:19:10,244 [ERROR] Serial port connection error: could not open port 'COM7': FileNotFoundError(2, 'The system cannot find the file specified.', None, 2)
2026-07-13 23:19:10,260 [INFO] Reconnecting attempt 354 in 3 seconds...
2026-07-13 23:19:13,261 [ERROR] Serial port connection error: could not open port 'COM7': FileNotFoundError(2, 'The system cannot find the file specified.', None, 2)
2026-07-13 23:19:13,284 [INFO] Reconnecting attempt 355 in 3 seconds...
2026-07-13 23:19:16,285 [ERROR] Serial port connection error: could not open port 'COM7': FileNotFoundError(2, 'The system cannot find the file specified.', None, 2)
2026-07-13 23:19:16,340 [INFO] Reconnecting attempt 356 in 3 seconds...
2026-07-13 23:19:19,342 [ERROR] Serial port connection error: could not open port 'COM7': FileNotFoundError(2, 'The system cannot find the file specified.', None, 2)
2026-07-13 23:19:19,357 [INFO] Reconnecting attempt 357 in 3 seconds...
2026-07-13 23:19:22,359 [ERROR] Serial port connection error: could not open port 'COM7': FileNotFoundError(2, 'The system cannot find the file specified.', None, 2)
2026-07-13 23:19:22,394 [INFO] Reconnecting attempt 358 in 3 seconds...
2026-07-13 23:19:25,396 [ERROR] Serial port connection error: could not open port 'COM7': FileNotFoundError(2, 'The system cannot find the file specified.', None, 2)
2026-07-13 23:19:25,495 [INFO] Reconnecting attempt 359 in 3 seconds...
2026-07-13 23:19:28,497 [ERROR] Serial port connection error: could not open port 'COM7': FileNotFoundError(2, 'The system cannot find the file specified.', None, 2)
2026-07-13 23:19:28,532 [INFO] Reconnecting attempt 360 in 3 seconds...
2026-07-13 23:19:31,537 [ERROR] Serial port connection error: could not open port 'COM7': FileNotFoundError(2, 'The system cannot find the file specified.', None, 2)
2026-07-13 23:19:31,610 [INFO] Reconnecting attempt 361 in 3 seconds...
2026-07-13 23:19:34,611 [ERROR] Serial port connection error: could not open port 'COM7': FileNotFoundError(2, 'The system cannot find the file specified.', None, 2)
2026-07-13 23:19:34,646 [INFO] Reconnecting attempt 362 in 3 seconds...
2026-07-13 23:19:37,647 [ERROR] Serial port connection error: could not open port 'COM7': FileNotFoundError(2, 'The system cannot find the file specified.', None, 2)
2026-07-13 23:19:37,663 [INFO] Reconnecting attempt 363 in 3 seconds...
2026-07-13 23:19:40,663 [ERROR] Serial port connection error: could not open port 'COM7': FileNotFoundError(2, 'The system cannot find the file specified.', None, 2)
2026-07-13 23:19:40,687 [INFO] Reconnecting attempt 364 in 3 seconds...
2026-07-13 23:19:43,689 [ERROR] Serial port connection error: could not open port 'COM7': FileNotFoundError(2, 'The system cannot find the file specified.', None, 2)
2026-07-13 23:19:43,746 [INFO] Reconnecting attempt 365 in 3 seconds...
2026-07-13 23:19:46,748 [ERROR] Serial port connection error: could not open port 'COM7': FileNotFoundError(2, 'The system cannot find the file specified.', None, 2)
2026-07-13 23:19:46,801 [INFO] Reconnecting attempt 366 in 3 seconds...
2026-07-13 23:19:49,802 [ERROR] Serial port connection error: could not open port 'COM7': FileNotFoundError(2, 'The system cannot find the file specified.', None, 2)
2026-07-13 23:19:49,880 [INFO] Reconnecting attempt 367 in 3 seconds...
2026-07-13 23:19:52,882 [ERROR] Serial port connection error: could not open port 'COM7': FileNotFoundError(2, 'The system cannot find the file specified.', None, 2)
2026-07-13 23:19:52,933 [INFO] Reconnecting attempt 368 in 3 seconds...
2026-07-13 23:19:55,934 [ERROR] Serial port connection error: could not open port 'COM7': FileNotFoundError(2, 'The system cannot find the file specified.', None, 2)
2026-07-13 23:19:55,985 [INFO] Reconnecting attempt 369 in 3 seconds...
2026-07-13 23:19:58,986 [ERROR] Serial port connection error: could not open port 'COM7': FileNotFoundError(2, 'The system cannot find the file specified.', None, 2)
2026-07-13 23:19:59,007 [INFO] Reconnecting attempt 370 in 3 seconds...
2026-07-13 23:20:02,008 [ERROR] Serial port connection error: could not open port 'COM7': FileNotFoundError(2, 'The system cannot find the file specified.', None, 2)
2026-07-13 23:20:02,032 [INFO] Reconnecting attempt 371 in 3 seconds...
2026-07-13 23:20:05,038 [ERROR] Serial port connection error: could not open port 'COM7': FileNotFoundError(2, 'The system cannot find the file specified.', None, 2)
2026-07-13 23:20:05,143 [INFO] Reconnecting attempt 372 in 3 seconds...
2026-07-13 23:20:08,144 [ERROR] Serial port connection error: could not open port 'COM7': FileNotFoundError(2, 'The system cannot find the file specified.', None, 2)
2026-07-13 23:20:08,243 [INFO] Reconnecting attempt 373 in 3 seconds...
2026-07-13 23:20:11,244 [ERROR] Serial port connection error: could not open port 'COM7': FileNotFoundError(2, 'The system cannot find the file specified.', None, 2)
2026-07-13 23:20:11,260 [INFO] Reconnecting attempt 374 in 3 seconds...
2026-07-13 23:20:14,261 [ERROR] Serial port connection error: could not open port 'COM7': FileNotFoundError(2, 'The system cannot find the file specified.', None, 2)
2026-07-13 23:20:14,279 [INFO] Reconnecting attempt 375 in 3 seconds...
2026-07-13 23:20:17,279 [ERROR] Serial port connection error: could not open port 'COM7': FileNotFoundError(2, 'The system cannot find the file specified.', None, 2)
2026-07-13 23:20:17,297 [INFO] Reconnecting attempt 376 in 3 seconds...
2026-07-13 23:20:20,299 [ERROR] Serial port connection error: could not open port 'COM7': FileNotFoundError(2, 'The system cannot find the file specified.', None, 2)
2026-07-13 23:20:20,325 [INFO] Reconnecting attempt 377 in 3 seconds...
2026-07-13 23:20:23,334 [ERROR] Serial port connection error: could not open port 'COM7': FileNotFoundError(2, 'The system cannot find the file specified.', None, 2)
2026-07-13 23:20:23,390 [INFO] Reconnecting attempt 378 in 3 seconds...
2026-07-13 23:20:26,394 [ERROR] Serial port connection error: could not open port 'COM7': FileNotFoundError(2, 'The system cannot find the file specified.', None, 2)
2026-07-13 23:20:26,472 [INFO] Reconnecting attempt 379 in 3 seconds...
2026-07-13 23:20:29,473 [ERROR] Serial port connection error: could not open port 'COM7': FileNotFoundError(2, 'The system cannot find the file specified.', None, 2)
2026-07-13 23:20:29,493 [INFO] Reconnecting attempt 380 in 3 seconds...
2026-07-13 23:20:32,494 [ERROR] Serial port connection error: could not open port 'COM7': FileNotFoundError(2, 'The system cannot find the file specified.', None, 2)
2026-07-13 23:20:32,558 [INFO] Reconnecting attempt 381 in 3 seconds...
2026-07-13 23:20:35,559 [ERROR] Serial port connection error: could not open port 'COM7': FileNotFoundError(2, 'The system cannot find the file specified.', None, 2)
2026-07-13 23:20:35,595 [INFO] Reconnecting attempt 382 in 3 seconds...
2026-07-13 23:20:38,596 [ERROR] Serial port connection error: could not open port 'COM7': FileNotFoundError(2, 'The system cannot find the file specified.', None, 2)
2026-07-13 23:20:38,616 [INFO] Reconnecting attempt 383 in 3 seconds...
2026-07-13 23:20:41,617 [ERROR] Serial port connection error: could not open port 'COM7': FileNotFoundError(2, 'The system cannot find the file specified.', None, 2)
2026-07-13 23:20:41,669 [INFO] Reconnecting attempt 384 in 3 seconds...
2026-07-13 23:20:44,670 [ERROR] Serial port connection error: could not open port 'COM7': FileNotFoundError(2, 'The system cannot find the file specified.', None, 2)
2026-07-13 23:20:44,691 [INFO] Reconnecting attempt 385 in 3 seconds...
2026-07-13 23:20:47,692 [ERROR] Serial port connection error: could not open port 'COM7': FileNotFoundError(2, 'The system cannot find the file specified.', None, 2)
2026-07-13 23:20:47,719 [INFO] Reconnecting attempt 386 in 3 seconds...
2026-07-13 23:20:50,722 [ERROR] Serial port connection error: could not open port 'COM7': FileNotFoundError(2, 'The system cannot find the file specified.', None, 2)
2026-07-13 23:20:50,759 [INFO] Reconnecting attempt 387 in 3 seconds...
2026-07-13 23:20:53,761 [ERROR] Serial port connection error: could not open port 'COM7': FileNotFoundError(2, 'The system cannot find the file specified.', None, 2)
2026-07-13 23:20:53,818 [INFO] Reconnecting attempt 388 in 3 seconds...
2026-07-13 23:20:56,819 [ERROR] Serial port connection error: could not open port 'COM7': FileNotFoundError(2, 'The system cannot find the file specified.', None, 2)
2026-07-13 23:20:56,875 [INFO] Reconnecting attempt 389 in 3 seconds...
2026-07-13 23:20:59,876 [ERROR] Serial port connection error: could not open port 'COM7': FileNotFoundError(2, 'The system cannot find the file specified.', None, 2)
2026-07-13 23:20:59,909 [INFO] Reconnecting attempt 390 in 3 seconds...
2026-07-13 23:21:02,910 [ERROR] Serial port connection error: could not open port 'COM7': FileNotFoundError(2, 'The system cannot find the file specified.', None, 2)
2026-07-13 23:21:02,972 [INFO] Reconnecting attempt 391 in 3 seconds...
2026-07-13 23:21:05,973 [ERROR] Serial port connection error: could not open port 'COM7': FileNotFoundError(2, 'The system cannot find the file specified.', None, 2)
2026-07-13 23:21:06,071 [INFO] Reconnecting attempt 392 in 3 seconds...
2026-07-13 23:21:09,073 [ERROR] Serial port connection error: could not open port 'COM7': FileNotFoundError(2, 'The system cannot find the file specified.', None, 2)
2026-07-13 23:21:09,143 [INFO] Reconnecting attempt 393 in 3 seconds...
2026-07-13 23:21:12,144 [ERROR] Serial port connection error: could not open port 'COM7': FileNotFoundError(2, 'The system cannot find the file specified.', None, 2)
2026-07-13 23:21:12,186 [INFO] Reconnecting attempt 394 in 3 seconds...
2026-07-13 23:21:15,187 [ERROR] Serial port connection error: could not open port 'COM7': FileNotFoundError(2, 'The system cannot find the file specified.', None, 2)
2026-07-13 23:21:15,255 [INFO] Reconnecting attempt 395 in 3 seconds...
2026-07-13 23:21:18,255 [ERROR] Serial port connection error: could not open port 'COM7': FileNotFoundError(2, 'The system cannot find the file specified.', None, 2)
2026-07-13 23:21:18,307 [INFO] Reconnecting attempt 396 in 3 seconds...
2026-07-13 23:21:21,308 [ERROR] Serial port connection error: could not open port 'COM7': FileNotFoundError(2, 'The system cannot find the file specified.', None, 2)
2026-07-13 23:21:21,329 [INFO] Reconnecting attempt 397 in 3 seconds...
2026-07-13 23:21:24,340 [ERROR] Serial port connection error: could not open port 'COM7': FileNotFoundError(2, 'The system cannot find the file specified.', None, 2)
2026-07-13 23:21:24,403 [INFO] Reconnecting attempt 398 in 3 seconds...
2026-07-13 23:21:27,405 [ERROR] Serial port connection error: could not open port 'COM7': FileNotFoundError(2, 'The system cannot find the file specified.', None, 2)
2026-07-13 23:21:27,424 [INFO] Reconnecting attempt 399 in 3 seconds...
2026-07-13 23:21:30,428 [ERROR] Serial port connection error: could not open port 'COM7': FileNotFoundError(2, 'The system cannot find the file specified.', None, 2)
2026-07-13 23:21:30,453 [INFO] Reconnecting attempt 400 in 3 seconds...
2026-07-13 23:21:33,454 [ERROR] Serial port connection error: could not open port 'COM7': FileNotFoundError(2, 'The system cannot find the file specified.', None, 2)
2026-07-13 23:21:33,473 [INFO] Reconnecting attempt 401 in 3 seconds...
2026-07-13 23:21:36,474 [ERROR] Serial port connection error: could not open port 'COM7': FileNotFoundError(2, 'The system cannot find the file specified.', None, 2)
2026-07-13 23:21:36,512 [INFO] Reconnecting attempt 402 in 3 seconds...
2026-07-13 23:21:39,513 [ERROR] Serial port connection error: could not open port 'COM7': FileNotFoundError(2, 'The system cannot find the file specified.', None, 2)
2026-07-13 23:21:39,532 [INFO] Reconnecting attempt 403 in 3 seconds...
2026-07-13 23:21:42,535 [ERROR] Serial port connection error: could not open port 'COM7': FileNotFoundError(2, 'The system cannot find the file specified.', None, 2)
2026-07-13 23:21:42,554 [INFO] Reconnecting attempt 404 in 3 seconds...
2026-07-13 23:21:45,558 [ERROR] Serial port connection error: could not open port 'COM7': FileNotFoundError(2, 'The system cannot find the file specified.', None, 2)
2026-07-13 23:21:45,636 [INFO] Reconnecting attempt 405 in 3 seconds...
2026-07-13 23:21:48,637 [ERROR] Serial port connection error: could not open port 'COM7': FileNotFoundError(2, 'The system cannot find the file specified.', None, 2)
2026-07-13 23:21:48,708 [INFO] Reconnecting attempt 406 in 3 seconds...
2026-07-13 23:21:51,711 [ERROR] Serial port connection error: could not open port 'COM7': FileNotFoundError(2, 'The system cannot find the file specified.', None, 2)
2026-07-13 23:21:51,768 [INFO] Reconnecting attempt 407 in 3 seconds...
2026-07-13 23:21:54,769 [ERROR] Serial port connection error: could not open port 'COM7': FileNotFoundError(2, 'The system cannot find the file specified.', None, 2)
2026-07-13 23:21:54,817 [INFO] Reconnecting attempt 408 in 3 seconds...
2026-07-13 23:21:57,818 [ERROR] Serial port connection error: could not open port 'COM7': FileNotFoundError(2, 'The system cannot find the file specified.', None, 2)
2026-07-13 23:21:57,860 [INFO] Reconnecting attempt 409 in 3 seconds...
2026-07-13 23:22:00,866 [ERROR] Serial port connection error: could not open port 'COM7': FileNotFoundError(2, 'The system cannot find the file specified.', None, 2)
2026-07-13 23:22:00,882 [INFO] Reconnecting attempt 410 in 3 seconds...
2026-07-13 23:22:03,884 [ERROR] Serial port connection error: could not open port 'COM7': FileNotFoundError(2, 'The system cannot find the file specified.', None, 2)
2026-07-13 23:22:03,933 [INFO] Reconnecting attempt 411 in 3 seconds...
2026-07-13 23:22:06,934 [ERROR] Serial port connection error: could not open port 'COM7': FileNotFoundError(2, 'The system cannot find the file specified.', None, 2)
2026-07-13 23:22:07,021 [INFO] Reconnecting attempt 412 in 3 seconds...
2026-07-13 23:22:10,022 [ERROR] Serial port connection error: could not open port 'COM7': FileNotFoundError(2, 'The system cannot find the file specified.', None, 2)
2026-07-13 23:22:10,083 [INFO] Reconnecting attempt 413 in 3 seconds...
2026-07-13 23:22:13,084 [ERROR] Serial port connection error: could not open port 'COM7': FileNotFoundError(2, 'The system cannot find the file specified.', None, 2)
2026-07-13 23:22:13,120 [INFO] Reconnecting attempt 414 in 3 seconds...
2026-07-13 23:22:16,121 [ERROR] Serial port connection error: could not open port 'COM7': FileNotFoundError(2, 'The system cannot find the file specified.', None, 2)
2026-07-13 23:22:16,155 [INFO] Reconnecting attempt 415 in 3 seconds...
2026-07-13 23:22:19,156 [ERROR] Serial port connection error: could not open port 'COM7': FileNotFoundError(2, 'The system cannot find the file specified.', None, 2)
2026-07-13 23:22:19,213 [INFO] Reconnecting attempt 416 in 3 seconds...
2026-07-13 23:22:22,214 [ERROR] Serial port connection error: could not open port 'COM7': FileNotFoundError(2, 'The system cannot find the file specified.', None, 2)
2026-07-13 23:22:22,264 [INFO] Reconnecting attempt 417 in 3 seconds...
2026-07-13 23:22:25,265 [ERROR] Serial port connection error: could not open port 'COM7': FileNotFoundError(2, 'The system cannot find the file specified.', None, 2)
2026-07-13 23:22:25,295 [INFO] Reconnecting attempt 418 in 3 seconds...
2026-07-13 23:22:28,296 [ERROR] Serial port connection error: could not open port 'COM7': FileNotFoundError(2, 'The system cannot find the file specified.', None, 2)
2026-07-13 23:22:28,371 [INFO] Reconnecting attempt 419 in 3 seconds...
2026-07-13 23:22:31,372 [ERROR] Serial port connection error: could not open port 'COM7': FileNotFoundError(2, 'The system cannot find the file specified.', None, 2)
2026-07-13 23:22:31,412 [INFO] Reconnecting attempt 420 in 3 seconds...
2026-07-13 23:22:34,414 [ERROR] Serial port connection error: could not open port 'COM7': FileNotFoundError(2, 'The system cannot find the file specified.', None, 2)
2026-07-13 23:22:34,624 [INFO] Reconnecting attempt 421 in 3 seconds...
2026-07-13 23:22:37,625 [ERROR] Serial port connection error: could not open port 'COM7': FileNotFoundError(2, 'The system cannot find the file specified.', None, 2)
2026-07-13 23:22:37,643 [INFO] Reconnecting attempt 422 in 3 seconds...
2026-07-13 23:22:40,644 [ERROR] Serial port connection error: could not open port 'COM7': FileNotFoundError(2, 'The system cannot find the file specified.', None, 2)
2026-07-13 23:22:40,703 [INFO] Reconnecting attempt 423 in 3 seconds...
2026-07-13 23:22:43,703 [ERROR] Serial port connection error: could not open port 'COM7': FileNotFoundError(2, 'The system cannot find the file specified.', None, 2)
2026-07-13 23:22:43,758 [INFO] Reconnecting attempt 424 in 3 seconds...
2026-07-13 23:22:46,760 [ERROR] Serial port connection error: could not open port 'COM7': FileNotFoundError(2, 'The system cannot find the file specified.', None, 2)
2026-07-13 23:22:46,791 [INFO] Reconnecting attempt 425 in 3 seconds...
2026-07-13 23:22:49,793 [ERROR] Serial port connection error: could not open port 'COM7': FileNotFoundError(2, 'The system cannot find the file specified.', None, 2)
2026-07-13 23:22:49,867 [INFO] Reconnecting attempt 426 in 3 seconds...
2026-07-13 23:22:52,868 [ERROR] Serial port connection error: could not open port 'COM7': FileNotFoundError(2, 'The system cannot find the file specified.', None, 2)
2026-07-13 23:22:52,937 [INFO] Reconnecting attempt 427 in 3 seconds...
2026-07-13 23:22:55,938 [ERROR] Serial port connection error: could not open port 'COM7': FileNotFoundError(2, 'The system cannot find the file specified.', None, 2)
2026-07-13 23:22:56,010 [INFO] Reconnecting attempt 428 in 3 seconds...
2026-07-13 23:22:59,012 [ERROR] Serial port connection error: could not open port 'COM7': FileNotFoundError(2, 'The system cannot find the file specified.', None, 2)
2026-07-13 23:22:59,026 [INFO] Reconnecting attempt 429 in 3 seconds...
2026-07-13 23:23:02,027 [ERROR] Serial port connection error: could not open port 'COM7': FileNotFoundError(2, 'The system cannot find the file specified.', None, 2)
2026-07-13 23:23:02,084 [INFO] Reconnecting attempt 430 in 3 seconds...
2026-07-13 23:23:05,086 [ERROR] Serial port connection error: could not open port 'COM7': FileNotFoundError(2, 'The system cannot find the file specified.', None, 2)
2026-07-13 23:23:05,144 [INFO] Reconnecting attempt 431 in 3 seconds...
2026-07-13 23:23:08,145 [ERROR] Serial port connection error: could not open port 'COM7': FileNotFoundError(2, 'The system cannot find the file specified.', None, 2)
2026-07-13 23:23:08,177 [INFO] Reconnecting attempt 432 in 3 seconds...
2026-07-13 23:23:11,178 [ERROR] Serial port connection error: could not open port 'COM7': FileNotFoundError(2, 'The system cannot find the file specified.', None, 2)
2026-07-13 23:23:11,244 [INFO] Reconnecting attempt 433 in 3 seconds...
2026-07-13 23:23:14,245 [ERROR] Serial port connection error: could not open port 'COM7': FileNotFoundError(2, 'The system cannot find the file specified.', None, 2)
2026-07-13 23:23:14,271 [INFO] Reconnecting attempt 434 in 3 seconds...
2026-07-13 23:23:17,279 [ERROR] Serial port connection error: could not open port 'COM7': FileNotFoundError(2, 'The system cannot find the file specified.', None, 2)
2026-07-13 23:23:17,343 [INFO] Reconnecting attempt 435 in 3 seconds...
2026-07-13 23:23:20,344 [ERROR] Serial port connection error: could not open port 'COM7': FileNotFoundError(2, 'The system cannot find the file specified.', None, 2)
2026-07-13 23:23:20,428 [INFO] Reconnecting attempt 436 in 3 seconds...
2026-07-13 23:23:23,430 [ERROR] Serial port connection error: could not open port 'COM7': FileNotFoundError(2, 'The system cannot find the file specified.', None, 2)
2026-07-13 23:23:23,526 [INFO] Reconnecting attempt 437 in 3 seconds...
2026-07-13 23:23:26,528 [ERROR] Serial port connection error: could not open port 'COM7': FileNotFoundError(2, 'The system cannot find the file specified.', None, 2)
2026-07-13 23:23:26,550 [INFO] Reconnecting attempt 438 in 3 seconds...
2026-07-13 23:23:29,553 [ERROR] Serial port connection error: could not open port 'COM7': FileNotFoundError(2, 'The system cannot find the file specified.', None, 2)
2026-07-13 23:23:29,582 [INFO] Reconnecting attempt 439 in 3 seconds...
2026-07-13 23:23:32,584 [ERROR] Serial port connection error: could not open port 'COM7': FileNotFoundError(2, 'The system cannot find the file specified.', None, 2)
2026-07-13 23:23:32,649 [INFO] Reconnecting attempt 440 in 3 seconds...
2026-07-13 23:23:35,651 [ERROR] Serial port connection error: could not open port 'COM7': FileNotFoundError(2, 'The system cannot find the file specified.', None, 2)
2026-07-13 23:23:35,728 [INFO] Reconnecting attempt 441 in 3 seconds...
2026-07-13 23:23:38,731 [ERROR] Serial port connection error: could not open port 'COM7': FileNotFoundError(2, 'The system cannot find the file specified.', None, 2)
2026-07-13 23:23:38,784 [INFO] Reconnecting attempt 442 in 3 seconds...
2026-07-13 23:23:41,785 [ERROR] Serial port connection error: could not open port 'COM7': FileNotFoundError(2, 'The system cannot find the file specified.', None, 2)
2026-07-13 23:23:41,851 [INFO] Reconnecting attempt 443 in 3 seconds...
2026-07-13 23:23:44,861 [ERROR] Serial port connection error: could not open port 'COM7': FileNotFoundError(2, 'The system cannot find the file specified.', None, 2)
2026-07-13 23:23:44,921 [INFO] Reconnecting attempt 444 in 3 seconds...
2026-07-13 23:23:47,922 [ERROR] Serial port connection error: could not open port 'COM7': FileNotFoundError(2, 'The system cannot find the file specified.', None, 2)
2026-07-13 23:23:47,986 [INFO] Reconnecting attempt 445 in 3 seconds...
2026-07-13 23:23:50,987 [ERROR] Serial port connection error: could not open port 'COM7': FileNotFoundError(2, 'The system cannot find the file specified.', None, 2)
2026-07-13 23:23:51,038 [INFO] Reconnecting attempt 446 in 3 seconds...
2026-07-13 23:23:54,040 [ERROR] Serial port connection error: could not open port 'COM7': FileNotFoundError(2, 'The system cannot find the file specified.', None, 2)
2026-07-13 23:23:54,062 [INFO] Reconnecting attempt 447 in 3 seconds...
2026-07-13 23:23:57,063 [ERROR] Serial port connection error: could not open port 'COM7': FileNotFoundError(2, 'The system cannot find the file specified.', None, 2)
2026-07-13 23:23:57,120 [INFO] Reconnecting attempt 448 in 3 seconds...
2026-07-13 23:24:00,121 [ERROR] Serial port connection error: could not open port 'COM7': FileNotFoundError(2, 'The system cannot find the file specified.', None, 2)
2026-07-13 23:24:00,183 [INFO] Reconnecting attempt 449 in 3 seconds...
2026-07-13 23:24:03,184 [ERROR] Serial port connection error: could not open port 'COM7': FileNotFoundError(2, 'The system cannot find the file specified.', None, 2)
2026-07-13 23:24:03,238 [INFO] Reconnecting attempt 450 in 3 seconds...
2026-07-13 23:24:06,239 [ERROR] Serial port connection error: could not open port 'COM7': FileNotFoundError(2, 'The system cannot find the file specified.', None, 2)
2026-07-13 23:24:06,308 [INFO] Reconnecting attempt 451 in 3 seconds...
2026-07-13 23:24:09,308 [ERROR] Serial port connection error: could not open port 'COM7': FileNotFoundError(2, 'The system cannot find the file specified.', None, 2)
2026-07-13 23:24:09,339 [INFO] Reconnecting attempt 452 in 3 seconds...
2026-07-13 23:24:12,340 [ERROR] Serial port connection error: could not open port 'COM7': FileNotFoundError(2, 'The system cannot find the file specified.', None, 2)
2026-07-13 23:24:12,368 [INFO] Reconnecting attempt 453 in 3 seconds...
2026-07-13 23:24:15,369 [ERROR] Serial port connection error: could not open port 'COM7': FileNotFoundError(2, 'The system cannot find the file specified.', None, 2)
2026-07-13 23:24:15,388 [INFO] Reconnecting attempt 454 in 3 seconds...
2026-07-13 23:24:18,389 [ERROR] Serial port connection error: could not open port 'COM7': FileNotFoundError(2, 'The system cannot find the file specified.', None, 2)
2026-07-13 23:24:18,434 [INFO] Reconnecting attempt 455 in 3 seconds...
2026-07-13 23:24:21,439 [ERROR] Serial port connection error: could not open port 'COM7': FileNotFoundError(2, 'The system cannot find the file specified.', None, 2)
2026-07-13 23:24:21,496 [INFO] Reconnecting attempt 456 in 3 seconds...
2026-07-13 23:24:24,497 [ERROR] Serial port connection error: could not open port 'COM7': FileNotFoundError(2, 'The system cannot find the file specified.', None, 2)
2026-07-13 23:24:24,528 [INFO] Reconnecting attempt 457 in 3 seconds...
2026-07-13 23:24:27,529 [ERROR] Serial port connection error: could not open port 'COM7': FileNotFoundError(2, 'The system cannot find the file specified.', None, 2)
2026-07-13 23:24:27,603 [INFO] Reconnecting attempt 458 in 3 seconds...
2026-07-13 23:24:30,604 [ERROR] Serial port connection error: could not open port 'COM7': FileNotFoundError(2, 'The system cannot find the file specified.', None, 2)
2026-07-13 23:24:30,622 [INFO] Reconnecting attempt 459 in 3 seconds...
2026-07-13 23:24:33,624 [ERROR] Serial port connection error: could not open port 'COM7': FileNotFoundError(2, 'The system cannot find the file specified.', None, 2)
2026-07-13 23:24:33,676 [INFO] Reconnecting attempt 460 in 3 seconds...
2026-07-13 23:24:36,686 [ERROR] Serial port connection error: could not open port 'COM7': FileNotFoundError(2, 'The system cannot find the file specified.', None, 2)
2026-07-13 23:24:36,764 [INFO] Reconnecting attempt 461 in 3 seconds...
2026-07-13 23:24:39,769 [ERROR] Serial port connection error: could not open port 'COM7': FileNotFoundError(2, 'The system cannot find the file specified.', None, 2)
2026-07-13 23:24:39,795 [INFO] Reconnecting attempt 462 in 3 seconds...
2026-07-13 23:24:42,801 [ERROR] Serial port connection error: could not open port 'COM7': FileNotFoundError(2, 'The system cannot find the file specified.', None, 2)
2026-07-13 23:24:42,820 [INFO] Reconnecting attempt 463 in 3 seconds...
2026-07-13 23:24:45,822 [ERROR] Serial port connection error: could not open port 'COM7': FileNotFoundError(2, 'The system cannot find the file specified.', None, 2)
2026-07-13 23:24:45,879 [INFO] Reconnecting attempt 464 in 3 seconds...
2026-07-13 23:24:48,880 [ERROR] Serial port connection error: could not open port 'COM7': FileNotFoundError(2, 'The system cannot find the file specified.', None, 2)
2026-07-13 23:24:48,919 [INFO] Reconnecting attempt 465 in 3 seconds...
2026-07-13 23:24:51,920 [ERROR] Serial port connection error: could not open port 'COM7': FileNotFoundError(2, 'The system cannot find the file specified.', None, 2)
2026-07-13 23:24:51,951 [INFO] Reconnecting attempt 466 in 3 seconds...
2026-07-13 23:24:54,952 [ERROR] Serial port connection error: could not open port 'COM7': FileNotFoundError(2, 'The system cannot find the file specified.', None, 2)
2026-07-13 23:24:54,967 [INFO] Reconnecting attempt 467 in 3 seconds...
2026-07-13 23:24:57,969 [ERROR] Serial port connection error: could not open port 'COM7': FileNotFoundError(2, 'The system cannot find the file specified.', None, 2)
2026-07-13 23:24:58,002 [INFO] Reconnecting attempt 468 in 3 seconds...
2026-07-13 23:25:01,003 [ERROR] Serial port connection error: could not open port 'COM7': FileNotFoundError(2, 'The system cannot find the file specified.', None, 2)
2026-07-13 23:25:01,067 [INFO] Reconnecting attempt 469 in 3 seconds...
2026-07-13 23:25:04,068 [ERROR] Serial port connection error: could not open port 'COM7': FileNotFoundError(2, 'The system cannot find the file specified.', None, 2)
2026-07-13 23:25:04,084 [INFO] Reconnecting attempt 470 in 3 seconds...
2026-07-13 23:25:07,087 [ERROR] Serial port connection error: could not open port 'COM7': FileNotFoundError(2, 'The system cannot find the file specified.', None, 2)
2026-07-13 23:25:07,134 [INFO] Reconnecting attempt 471 in 3 seconds...
2026-07-13 23:25:10,136 [ERROR] Serial port connection error: could not open port 'COM7': FileNotFoundError(2, 'The system cannot find the file specified.', None, 2)
2026-07-13 23:25:10,190 [INFO] Reconnecting attempt 472 in 3 seconds...
2026-07-13 23:25:13,191 [ERROR] Serial port connection error: could not open port 'COM7': FileNotFoundError(2, 'The system cannot find the file specified.', None, 2)
2026-07-13 23:25:13,225 [INFO] Reconnecting attempt 473 in 3 seconds...
2026-07-13 23:25:16,226 [ERROR] Serial port connection error: could not open port 'COM7': FileNotFoundError(2, 'The system cannot find the file specified.', None, 2)
2026-07-13 23:25:16,285 [INFO] Reconnecting attempt 474 in 3 seconds...
2026-07-13 23:25:19,286 [ERROR] Serial port connection error: could not open port 'COM7': FileNotFoundError(2, 'The system cannot find the file specified.', None, 2)
2026-07-13 23:25:19,324 [INFO] Reconnecting attempt 475 in 3 seconds...
2026-07-13 23:25:22,325 [ERROR] Serial port connection error: could not open port 'COM7': FileNotFoundError(2, 'The system cannot find the file specified.', None, 2)
2026-07-13 23:25:22,375 [INFO] Reconnecting attempt 476 in 3 seconds...
2026-07-13 23:25:25,376 [ERROR] Serial port connection error: could not open port 'COM7': FileNotFoundError(2, 'The system cannot find the file specified.', None, 2)
2026-07-13 23:25:25,437 [INFO] Reconnecting attempt 477 in 3 seconds...
2026-07-13 23:25:28,437 [ERROR] Serial port connection error: could not open port 'COM7': FileNotFoundError(2, 'The system cannot find the file specified.', None, 2)
2026-07-13 23:25:28,455 [INFO] Reconnecting attempt 478 in 3 seconds...
2026-07-13 23:25:31,456 [ERROR] Serial port connection error: could not open port 'COM7': FileNotFoundError(2, 'The system cannot find the file specified.', None, 2)
2026-07-13 23:25:31,507 [INFO] Reconnecting attempt 479 in 3 seconds...
2026-07-13 23:25:34,507 [ERROR] Serial port connection error: could not open port 'COM7': FileNotFoundError(2, 'The system cannot find the file specified.', None, 2)
2026-07-13 23:25:34,566 [INFO] Reconnecting attempt 480 in 3 seconds...
2026-07-13 23:25:37,567 [ERROR] Serial port connection error: could not open port 'COM7': FileNotFoundError(2, 'The system cannot find the file specified.', None, 2)
2026-07-13 23:25:37,627 [INFO] Reconnecting attempt 481 in 3 seconds...
2026-07-13 23:25:40,630 [ERROR] Serial port connection error: could not open port 'COM7': FileNotFoundError(2, 'The system cannot find the file specified.', None, 2)
2026-07-13 23:25:40,703 [INFO] Reconnecting attempt 482 in 3 seconds...
2026-07-13 23:25:43,704 [ERROR] Serial port connection error: could not open port 'COM7': FileNotFoundError(2, 'The system cannot find the file specified.', None, 2)
2026-07-13 23:25:43,758 [INFO] Reconnecting attempt 483 in 3 seconds...
2026-07-13 23:25:46,761 [ERROR] Serial port connection error: could not open port 'COM7': FileNotFoundError(2, 'The system cannot find the file specified.', None, 2)
2026-07-13 23:25:46,842 [INFO] Reconnecting attempt 484 in 3 seconds...
2026-07-13 23:25:49,843 [ERROR] Serial port connection error: could not open port 'COM7': FileNotFoundError(2, 'The system cannot find the file specified.', None, 2)
2026-07-13 23:25:49,873 [INFO] Reconnecting attempt 485 in 3 seconds...
2026-07-13 23:25:52,874 [ERROR] Serial port connection error: could not open port 'COM7': FileNotFoundError(2, 'The system cannot find the file specified.', None, 2)
2026-07-13 23:25:52,948 [INFO] Reconnecting attempt 486 in 3 seconds...
2026-07-13 23:25:55,949 [ERROR] Serial port connection error: could not open port 'COM7': FileNotFoundError(2, 'The system cannot find the file specified.', None, 2)
2026-07-13 23:25:56,007 [INFO] Reconnecting attempt 487 in 3 seconds...
2026-07-13 23:25:59,008 [ERROR] Serial port connection error: could not open port 'COM7': FileNotFoundError(2, 'The system cannot find the file specified.', None, 2)
2026-07-13 23:25:59,072 [INFO] Reconnecting attempt 488 in 3 seconds...
2026-07-13 23:26:02,083 [ERROR] Serial port connection error: could not open port 'COM7': FileNotFoundError(2, 'The system cannot find the file specified.', None, 2)
2026-07-13 23:26:02,130 [INFO] Reconnecting attempt 489 in 3 seconds...
2026-07-13 23:26:05,131 [ERROR] Serial port connection error: could not open port 'COM7': FileNotFoundError(2, 'The system cannot find the file specified.', None, 2)
2026-07-13 23:26:05,148 [INFO] Reconnecting attempt 490 in 3 seconds...
2026-07-13 23:26:08,150 [ERROR] Serial port connection error: could not open port 'COM7': FileNotFoundError(2, 'The system cannot find the file specified.', None, 2)
2026-07-13 23:26:08,196 [INFO] Reconnecting attempt 491 in 3 seconds...
2026-07-13 23:26:11,197 [ERROR] Serial port connection error: could not open port 'COM7': FileNotFoundError(2, 'The system cannot find the file specified.', None, 2)
2026-07-13 23:26:11,254 [INFO] Reconnecting attempt 492 in 3 seconds...
2026-07-13 23:26:14,254 [ERROR] Serial port connection error: could not open port 'COM7': FileNotFoundError(2, 'The system cannot find the file specified.', None, 2)
2026-07-13 23:26:14,301 [INFO] Reconnecting attempt 493 in 3 seconds...
2026-07-13 23:26:17,302 [ERROR] Serial port connection error: could not open port 'COM7': FileNotFoundError(2, 'The system cannot find the file specified.', None, 2)
2026-07-13 23:26:17,347 [INFO] Reconnecting attempt 494 in 3 seconds...
2026-07-13 23:26:20,348 [ERROR] Serial port connection error: could not open port 'COM7': FileNotFoundError(2, 'The system cannot find the file specified.', None, 2)
2026-07-13 23:26:20,366 [INFO] Reconnecting attempt 495 in 3 seconds...
2026-07-13 23:26:23,367 [ERROR] Serial port connection error: could not open port 'COM7': FileNotFoundError(2, 'The system cannot find the file specified.', None, 2)
2026-07-13 23:26:23,421 [INFO] Reconnecting attempt 496 in 3 seconds...
2026-07-13 23:26:26,422 [ERROR] Serial port connection error: could not open port 'COM7': FileNotFoundError(2, 'The system cannot find the file specified.', None, 2)
2026-07-13 23:26:26,484 [INFO] Reconnecting attempt 497 in 3 seconds...
2026-07-13 23:26:29,486 [ERROR] Serial port connection error: could not open port 'COM7': FileNotFoundError(2, 'The system cannot find the file specified.', None, 2)
2026-07-13 23:26:29,521 [INFO] Reconnecting attempt 498 in 3 seconds...
2026-07-13 23:26:32,523 [ERROR] Serial port connection error: could not open port 'COM7': FileNotFoundError(2, 'The system cannot find the file specified.', None, 2)
2026-07-13 23:26:32,577 [INFO] Reconnecting attempt 499 in 3 seconds...
2026-07-13 23:26:35,578 [ERROR] Serial port connection error: could not open port 'COM7': FileNotFoundError(2, 'The system cannot find the file specified.', None, 2)
2026-07-13 23:26:35,628 [INFO] Reconnecting attempt 500 in 3 seconds...
2026-07-13 23:26:38,629 [ERROR] Serial port connection error: could not open port 'COM7': FileNotFoundError(2, 'The system cannot find the file specified.', None, 2)
2026-07-13 23:26:38,684 [INFO] Reconnecting attempt 501 in 3 seconds...
2026-07-13 23:26:41,685 [ERROR] Serial port connection error: could not open port 'COM7': FileNotFoundError(2, 'The system cannot find the file specified.', None, 2)
2026-07-13 23:26:41,715 [INFO] Reconnecting attempt 502 in 3 seconds...
2026-07-13 23:26:44,716 [ERROR] Serial port connection error: could not open port 'COM7': FileNotFoundError(2, 'The system cannot find the file specified.', None, 2)
2026-07-13 23:26:44,734 [INFO] Reconnecting attempt 503 in 3 seconds...
2026-07-13 23:26:47,736 [ERROR] Serial port connection error: could not open port 'COM7': FileNotFoundError(2, 'The system cannot find the file specified.', None, 2)
2026-07-13 23:26:47,752 [INFO] Reconnecting attempt 504 in 3 seconds...
2026-07-13 23:26:50,753 [ERROR] Serial port connection error: could not open port 'COM7': FileNotFoundError(2, 'The system cannot find the file specified.', None, 2)
2026-07-13 23:26:50,796 [INFO] Reconnecting attempt 505 in 3 seconds...
2026-07-13 23:26:53,797 [ERROR] Serial port connection error: could not open port 'COM7': FileNotFoundError(2, 'The system cannot find the file specified.', None, 2)
2026-07-13 23:26:53,818 [INFO] Reconnecting attempt 506 in 3 seconds...
2026-07-13 23:26:56,819 [ERROR] Serial port connection error: could not open port 'COM7': FileNotFoundError(2, 'The system cannot find the file specified.', None, 2)
2026-07-13 23:26:56,858 [INFO] Reconnecting attempt 507 in 3 seconds...
2026-07-13 23:26:59,860 [ERROR] Serial port connection error: could not open port 'COM7': FileNotFoundError(2, 'The system cannot find the file specified.', None, 2)
2026-07-13 23:26:59,888 [INFO] Reconnecting attempt 508 in 3 seconds...
2026-07-13 23:27:02,889 [ERROR] Serial port connection error: could not open port 'COM7': FileNotFoundError(2, 'The system cannot find the file specified.', None, 2)
2026-07-13 23:27:02,905 [INFO] Reconnecting attempt 509 in 3 seconds...
2026-07-13 23:27:05,907 [ERROR] Serial port connection error: could not open port 'COM7': FileNotFoundError(2, 'The system cannot find the file specified.', None, 2)
2026-07-13 23:27:05,971 [INFO] Reconnecting attempt 510 in 3 seconds...
2026-07-13 23:27:08,973 [ERROR] Serial port connection error: could not open port 'COM7': FileNotFoundError(2, 'The system cannot find the file specified.', None, 2)
2026-07-13 23:27:08,992 [INFO] Reconnecting attempt 511 in 3 seconds...
2026-07-13 23:27:11,995 [ERROR] Serial port connection error: could not open port 'COM7': FileNotFoundError(2, 'The system cannot find the file specified.', None, 2)
2026-07-13 23:27:12,055 [INFO] Reconnecting attempt 512 in 3 seconds...
2026-07-13 23:27:15,059 [ERROR] Serial port connection error: could not open port 'COM7': FileNotFoundError(2, 'The system cannot find the file specified.', None, 2)
2026-07-13 23:27:15,116 [INFO] Reconnecting attempt 513 in 3 seconds...
2026-07-13 23:27:18,117 [ERROR] Serial port connection error: could not open port 'COM7': FileNotFoundError(2, 'The system cannot find the file specified.', None, 2)
2026-07-13 23:27:18,168 [INFO] Reconnecting attempt 514 in 3 seconds...
2026-07-13 23:27:21,169 [ERROR] Serial port connection error: could not open port 'COM7': FileNotFoundError(2, 'The system cannot find the file specified.', None, 2)
2026-07-13 23:27:21,229 [INFO] Reconnecting attempt 515 in 3 seconds...
2026-07-13 23:27:24,230 [ERROR] Serial port connection error: could not open port 'COM7': FileNotFoundError(2, 'The system cannot find the file specified.', None, 2)
2026-07-13 23:27:24,253 [INFO] Reconnecting attempt 516 in 3 seconds...
2026-07-13 23:27:27,254 [ERROR] Serial port connection error: could not open port 'COM7': FileNotFoundError(2, 'The system cannot find the file specified.', None, 2)
2026-07-13 23:27:27,317 [INFO] Reconnecting attempt 517 in 3 seconds...
2026-07-13 23:27:30,319 [ERROR] Serial port connection error: could not open port 'COM7': FileNotFoundError(2, 'The system cannot find the file specified.', None, 2)
2026-07-13 23:27:30,379 [INFO] Reconnecting attempt 518 in 3 seconds...
2026-07-13 23:27:33,380 [ERROR] Serial port connection error: could not open port 'COM7': FileNotFoundError(2, 'The system cannot find the file specified.', None, 2)
2026-07-13 23:27:33,540 [INFO] Reconnecting attempt 519 in 3 seconds...
2026-07-13 23:27:36,541 [ERROR] Serial port connection error: could not open port 'COM7': FileNotFoundError(2, 'The system cannot find the file specified.', None, 2)
2026-07-13 23:27:36,594 [INFO] Reconnecting attempt 520 in 3 seconds...
2026-07-13 23:27:39,595 [ERROR] Serial port connection error: could not open port 'COM7': FileNotFoundError(2, 'The system cannot find the file specified.', None, 2)
2026-07-13 23:27:39,645 [INFO] Reconnecting attempt 521 in 3 seconds...
2026-07-13 23:27:42,646 [ERROR] Serial port connection error: could not open port 'COM7': FileNotFoundError(2, 'The system cannot find the file specified.', None, 2)
2026-07-13 23:27:42,749 [INFO] Reconnecting attempt 522 in 3 seconds...
2026-07-13 23:27:45,751 [ERROR] Serial port connection error: could not open port 'COM7': FileNotFoundError(2, 'The system cannot find the file specified.', None, 2)
2026-07-13 23:27:45,789 [INFO] Reconnecting attempt 523 in 3 seconds...
2026-07-13 23:27:48,791 [ERROR] Serial port connection error: could not open port 'COM7': FileNotFoundError(2, 'The system cannot find the file specified.', None, 2)
2026-07-13 23:27:48,813 [INFO] Reconnecting attempt 524 in 3 seconds...
2026-07-13 23:27:51,814 [ERROR] Serial port connection error: could not open port 'COM7': FileNotFoundError(2, 'The system cannot find the file specified.', None, 2)
2026-07-13 23:27:51,848 [INFO] Reconnecting attempt 525 in 3 seconds...
2026-07-13 23:27:54,848 [ERROR] Serial port connection error: could not open port 'COM7': FileNotFoundError(2, 'The system cannot find the file specified.', None, 2)
2026-07-13 23:27:54,867 [INFO] Reconnecting attempt 526 in 3 seconds...
2026-07-13 23:27:57,870 [ERROR] Serial port connection error: could not open port 'COM7': FileNotFoundError(2, 'The system cannot find the file specified.', None, 2)
2026-07-13 23:27:57,915 [INFO] Reconnecting attempt 527 in 3 seconds...
2026-07-13 23:28:00,920 [ERROR] Serial port connection error: could not open port 'COM7': FileNotFoundError(2, 'The system cannot find the file specified.', None, 2)
2026-07-13 23:28:00,973 [INFO] Reconnecting attempt 528 in 3 seconds...
2026-07-13 23:28:03,975 [ERROR] Serial port connection error: could not open port 'COM7': FileNotFoundError(2, 'The system cannot find the file specified.', None, 2)
2026-07-13 23:28:03,989 [INFO] Reconnecting attempt 529 in 3 seconds...
2026-07-13 23:28:06,991 [ERROR] Serial port connection error: could not open port 'COM7': FileNotFoundError(2, 'The system cannot find the file specified.', None, 2)
2026-07-13 23:28:07,043 [INFO] Reconnecting attempt 530 in 3 seconds...
2026-07-13 23:28:10,044 [ERROR] Serial port connection error: could not open port 'COM7': FileNotFoundError(2, 'The system cannot find the file specified.', None, 2)
2026-07-13 23:28:10,106 [INFO] Reconnecting attempt 531 in 3 seconds...
2026-07-13 23:28:13,107 [ERROR] Serial port connection error: could not open port 'COM7': FileNotFoundError(2, 'The system cannot find the file specified.', None, 2)
2026-07-13 23:28:13,129 [INFO] Reconnecting attempt 532 in 3 seconds...
2026-07-13 23:28:16,130 [ERROR] Serial port connection error: could not open port 'COM7': FileNotFoundError(2, 'The system cannot find the file specified.', None, 2)
2026-07-13 23:28:16,178 [INFO] Reconnecting attempt 533 in 3 seconds...
2026-07-13 23:28:19,181 [ERROR] Serial port connection error: could not open port 'COM7': FileNotFoundError(2, 'The system cannot find the file specified.', None, 2)
2026-07-13 23:28:19,215 [INFO] Reconnecting attempt 534 in 3 seconds...
2026-07-13 23:28:22,215 [ERROR] Serial port connection error: could not open port 'COM7': FileNotFoundError(2, 'The system cannot find the file specified.', None, 2)
2026-07-13 23:28:22,250 [INFO] Reconnecting attempt 535 in 3 seconds...
2026-07-13 23:28:25,251 [ERROR] Serial port connection error: could not open port 'COM7': FileNotFoundError(2, 'The system cannot find the file specified.', None, 2)
2026-07-13 23:28:25,270 [INFO] Reconnecting attempt 536 in 3 seconds...
2026-07-13 23:28:28,272 [ERROR] Serial port connection error: could not open port 'COM7': FileNotFoundError(2, 'The system cannot find the file specified.', None, 2)
2026-07-13 23:28:28,307 [INFO] Reconnecting attempt 537 in 3 seconds...
2026-07-13 23:28:31,308 [ERROR] Serial port connection error: could not open port 'COM7': FileNotFoundError(2, 'The system cannot find the file specified.', None, 2)
2026-07-13 23:28:31,328 [INFO] Reconnecting attempt 538 in 3 seconds...
2026-07-13 23:28:34,329 [ERROR] Serial port connection error: could not open port 'COM7': FileNotFoundError(2, 'The system cannot find the file specified.', None, 2)
2026-07-13 23:28:34,347 [INFO] Reconnecting attempt 539 in 3 seconds...
2026-07-13 23:28:37,348 [ERROR] Serial port connection error: could not open port 'COM7': FileNotFoundError(2, 'The system cannot find the file specified.', None, 2)
2026-07-13 23:28:37,368 [INFO] Reconnecting attempt 540 in 3 seconds...
2026-07-13 23:28:40,369 [ERROR] Serial port connection error: could not open port 'COM7': FileNotFoundError(2, 'The system cannot find the file specified.', None, 2)
2026-07-13 23:28:40,410 [INFO] Reconnecting attempt 541 in 3 seconds...
2026-07-13 23:28:43,411 [ERROR] Serial port connection error: could not open port 'COM7': FileNotFoundError(2, 'The system cannot find the file specified.', None, 2)
2026-07-13 23:28:43,429 [INFO] Reconnecting attempt 542 in 3 seconds...
2026-07-13 23:28:46,431 [ERROR] Serial port connection error: could not open port 'COM7': FileNotFoundError(2, 'The system cannot find the file specified.', None, 2)
2026-07-13 23:28:46,482 [INFO] Reconnecting attempt 543 in 3 seconds...
2026-07-13 23:28:49,483 [ERROR] Serial port connection error: could not open port 'COM7': FileNotFoundError(2, 'The system cannot find the file specified.', None, 2)
2026-07-13 23:28:49,543 [INFO] Reconnecting attempt 544 in 3 seconds...
2026-07-13 23:28:52,544 [ERROR] Serial port connection error: could not open port 'COM7': FileNotFoundError(2, 'The system cannot find the file specified.', None, 2)
2026-07-13 23:28:52,592 [INFO] Reconnecting attempt 545 in 3 seconds...
2026-07-13 23:28:55,593 [ERROR] Serial port connection error: could not open port 'COM7': FileNotFoundError(2, 'The system cannot find the file specified.', None, 2)
2026-07-13 23:28:55,651 [INFO] Reconnecting attempt 546 in 3 seconds...
2026-07-13 23:28:58,652 [ERROR] Serial port connection error: could not open port 'COM7': FileNotFoundError(2, 'The system cannot find the file specified.', None, 2)
2026-07-13 23:28:58,683 [INFO] Reconnecting attempt 547 in 3 seconds...
2026-07-13 23:29:01,684 [ERROR] Serial port connection error: could not open port 'COM7': FileNotFoundError(2, 'The system cannot find the file specified.', None, 2)
2026-07-13 23:29:01,733 [INFO] Reconnecting attempt 548 in 3 seconds...
2026-07-13 23:29:04,738 [ERROR] Serial port connection error: could not open port 'COM7': FileNotFoundError(2, 'The system cannot find the file specified.', None, 2)
2026-07-13 23:29:04,784 [INFO] Reconnecting attempt 549 in 3 seconds...
2026-07-13 23:29:07,791 [ERROR] Serial port connection error: could not open port 'COM7': FileNotFoundError(2, 'The system cannot find the file specified.', None, 2)
2026-07-13 23:29:07,824 [INFO] Reconnecting attempt 550 in 3 seconds...
2026-07-13 23:29:10,825 [ERROR] Serial port connection error: could not open port 'COM7': FileNotFoundError(2, 'The system cannot find the file specified.', None, 2)
2026-07-13 23:29:10,876 [INFO] Reconnecting attempt 551 in 3 seconds...
2026-07-13 23:29:13,877 [ERROR] Serial port connection error: could not open port 'COM7': FileNotFoundError(2, 'The system cannot find the file specified.', None, 2)
2026-07-13 23:29:13,895 [INFO] Reconnecting attempt 552 in 3 seconds...
2026-07-13 23:29:16,897 [ERROR] Serial port connection error: could not open port 'COM7': FileNotFoundError(2, 'The system cannot find the file specified.', None, 2)
2026-07-13 23:29:16,945 [INFO] Reconnecting attempt 553 in 3 seconds...
2026-07-13 23:29:19,946 [ERROR] Serial port connection error: could not open port 'COM7': FileNotFoundError(2, 'The system cannot find the file specified.', None, 2)
2026-07-13 23:29:20,001 [INFO] Reconnecting attempt 554 in 3 seconds...
2026-07-13 23:29:23,002 [ERROR] Serial port connection error: could not open port 'COM7': FileNotFoundError(2, 'The system cannot find the file specified.', None, 2)
2026-07-13 23:29:23,062 [INFO] Reconnecting attempt 555 in 3 seconds...
2026-07-13 23:29:26,063 [ERROR] Serial port connection error: could not open port 'COM7': FileNotFoundError(2, 'The system cannot find the file specified.', None, 2)
2026-07-13 23:29:26,120 [INFO] Reconnecting attempt 556 in 3 seconds...
2026-07-13 23:29:29,121 [ERROR] Serial port connection error: could not open port 'COM7': FileNotFoundError(2, 'The system cannot find the file specified.', None, 2)
2026-07-13 23:29:29,138 [INFO] Reconnecting attempt 557 in 3 seconds...
2026-07-13 23:29:32,139 [ERROR] Serial port connection error: could not open port 'COM7': FileNotFoundError(2, 'The system cannot find the file specified.', None, 2)
2026-07-13 23:29:32,208 [INFO] Reconnecting attempt 558 in 3 seconds...
2026-07-13 23:29:35,209 [ERROR] Serial port connection error: could not open port 'COM7': FileNotFoundError(2, 'The system cannot find the file specified.', None, 2)
2026-07-13 23:29:35,262 [INFO] Reconnecting attempt 559 in 3 seconds...
2026-07-13 23:29:38,264 [ERROR] Serial port connection error: could not open port 'COM7': FileNotFoundError(2, 'The system cannot find the file specified.', None, 2)
2026-07-13 23:29:38,304 [INFO] Reconnecting attempt 560 in 3 seconds...
2026-07-13 23:29:41,305 [ERROR] Serial port connection error: could not open port 'COM7': FileNotFoundError(2, 'The system cannot find the file specified.', None, 2)
2026-07-13 23:29:41,360 [INFO] Reconnecting attempt 561 in 3 seconds...
2026-07-13 23:29:44,361 [ERROR] Serial port connection error: could not open port 'COM7': FileNotFoundError(2, 'The system cannot find the file specified.', None, 2)
2026-07-13 23:29:44,394 [INFO] Reconnecting attempt 562 in 3 seconds...
2026-07-13 23:29:47,396 [ERROR] Serial port connection error: could not open port 'COM7': FileNotFoundError(2, 'The system cannot find the file specified.', None, 2)
2026-07-13 23:29:47,449 [INFO] Reconnecting attempt 563 in 3 seconds...
2026-07-13 23:29:50,456 [ERROR] Serial port connection error: could not open port 'COM7': FileNotFoundError(2, 'The system cannot find the file specified.', None, 2)
2026-07-13 23:29:50,518 [INFO] Reconnecting attempt 564 in 3 seconds...
2026-07-13 23:29:53,519 [ERROR] Serial port connection error: could not open port 'COM7': FileNotFoundError(2, 'The system cannot find the file specified.', None, 2)
2026-07-13 23:29:53,591 [INFO] Reconnecting attempt 565 in 3 seconds...
2026-07-13 23:29:56,592 [ERROR] Serial port connection error: could not open port 'COM7': FileNotFoundError(2, 'The system cannot find the file specified.', None, 2)
2026-07-13 23:29:56,656 [INFO] Reconnecting attempt 566 in 3 seconds...
2026-07-13 23:29:59,656 [ERROR] Serial port connection error: could not open port 'COM7': FileNotFoundError(2, 'The system cannot find the file specified.', None, 2)
2026-07-13 23:29:59,750 [INFO] Reconnecting attempt 567 in 3 seconds...
2026-07-13 23:30:02,752 [ERROR] Serial port connection error: could not open port 'COM7': FileNotFoundError(2, 'The system cannot find the file specified.', None, 2)
2026-07-13 23:30:02,794 [INFO] Reconnecting attempt 568 in 3 seconds...
2026-07-13 23:30:05,795 [ERROR] Serial port connection error: could not open port 'COM7': FileNotFoundError(2, 'The system cannot find the file specified.', None, 2)
2026-07-13 23:30:05,852 [INFO] Reconnecting attempt 569 in 3 seconds...
2026-07-13 23:30:08,853 [ERROR] Serial port connection error: could not open port 'COM7': FileNotFoundError(2, 'The system cannot find the file specified.', None, 2)
2026-07-13 23:30:08,908 [INFO] Reconnecting attempt 570 in 3 seconds...
2026-07-13 23:30:11,909 [ERROR] Serial port connection error: could not open port 'COM7': FileNotFoundError(2, 'The system cannot find the file specified.', None, 2)
2026-07-13 23:30:11,946 [INFO] Reconnecting attempt 571 in 3 seconds...
2026-07-13 23:30:14,948 [ERROR] Serial port connection error: could not open port 'COM7': FileNotFoundError(2, 'The system cannot find the file specified.', None, 2)
2026-07-13 23:30:14,998 [INFO] Reconnecting attempt 572 in 3 seconds...
2026-07-13 23:30:17,999 [ERROR] Serial port connection error: could not open port 'COM7': FileNotFoundError(2, 'The system cannot find the file specified.', None, 2)
2026-07-13 23:30:18,026 [INFO] Reconnecting attempt 573 in 3 seconds...
2026-07-13 23:30:21,027 [ERROR] Serial port connection error: could not open port 'COM7': FileNotFoundError(2, 'The system cannot find the file specified.', None, 2)
2026-07-13 23:30:21,059 [INFO] Reconnecting attempt 574 in 3 seconds...
2026-07-13 23:30:24,060 [ERROR] Serial port connection error: could not open port 'COM7': FileNotFoundError(2, 'The system cannot find the file specified.', None, 2)
2026-07-13 23:30:24,117 [INFO] Reconnecting attempt 575 in 3 seconds...
2026-07-13 23:30:27,118 [ERROR] Serial port connection error: could not open port 'COM7': FileNotFoundError(2, 'The system cannot find the file specified.', None, 2)
2026-07-13 23:30:27,191 [INFO] Reconnecting attempt 576 in 3 seconds...
2026-07-13 23:30:30,193 [ERROR] Serial port connection error: could not open port 'COM7': FileNotFoundError(2, 'The system cannot find the file specified.', None, 2)
2026-07-13 23:30:30,219 [INFO] Reconnecting attempt 577 in 3 seconds...
2026-07-13 23:30:33,220 [ERROR] Serial port connection error: could not open port 'COM7': FileNotFoundError(2, 'The system cannot find the file specified.', None, 2)
2026-07-13 23:30:33,285 [INFO] Reconnecting attempt 578 in 3 seconds...
2026-07-13 23:30:36,287 [ERROR] Serial port connection error: could not open port 'COM7': FileNotFoundError(2, 'The system cannot find the file specified.', None, 2)
2026-07-13 23:30:36,328 [INFO] Reconnecting attempt 579 in 3 seconds...
2026-07-13 23:30:39,332 [ERROR] Serial port connection error: could not open port 'COM7': FileNotFoundError(2, 'The system cannot find the file specified.', None, 2)
2026-07-13 23:30:39,393 [INFO] Reconnecting attempt 580 in 3 seconds...
2026-07-13 23:30:42,394 [ERROR] Serial port connection error: could not open port 'COM7': FileNotFoundError(2, 'The system cannot find the file specified.', None, 2)
2026-07-13 23:30:42,428 [INFO] Reconnecting attempt 581 in 3 seconds...
2026-07-13 23:30:45,429 [ERROR] Serial port connection error: could not open port 'COM7': FileNotFoundError(2, 'The system cannot find the file specified.', None, 2)
2026-07-13 23:30:45,490 [INFO] Reconnecting attempt 582 in 3 seconds...
2026-07-13 23:30:48,491 [ERROR] Serial port connection error: could not open port 'COM7': FileNotFoundError(2, 'The system cannot find the file specified.', None, 2)
2026-07-13 23:30:48,552 [INFO] Reconnecting attempt 583 in 3 seconds...
2026-07-13 23:30:51,554 [ERROR] Serial port connection error: could not open port 'COM7': FileNotFoundError(2, 'The system cannot find the file specified.', None, 2)
2026-07-13 23:30:51,612 [INFO] Reconnecting attempt 584 in 3 seconds...
2026-07-13 23:30:54,613 [ERROR] Serial port connection error: could not open port 'COM7': FileNotFoundError(2, 'The system cannot find the file specified.', None, 2)
2026-07-13 23:30:54,630 [INFO] Reconnecting attempt 585 in 3 seconds...
2026-07-13 23:30:57,632 [ERROR] Serial port connection error: could not open port 'COM7': FileNotFoundError(2, 'The system cannot find the file specified.', None, 2)
2026-07-13 23:30:57,662 [INFO] Reconnecting attempt 586 in 3 seconds...
2026-07-13 23:31:00,664 [ERROR] Serial port connection error: could not open port 'COM7': FileNotFoundError(2, 'The system cannot find the file specified.', None, 2)
2026-07-13 23:31:00,684 [INFO] Reconnecting attempt 587 in 3 seconds...
2026-07-13 23:31:03,686 [ERROR] Serial port connection error: could not open port 'COM7': FileNotFoundError(2, 'The system cannot find the file specified.', None, 2)
2026-07-13 23:31:03,713 [INFO] Reconnecting attempt 588 in 3 seconds...
2026-07-13 23:31:06,721 [ERROR] Serial port connection error: could not open port 'COM7': FileNotFoundError(2, 'The system cannot find the file specified.', None, 2)
2026-07-13 23:31:06,778 [INFO] Reconnecting attempt 589 in 3 seconds...
2026-07-13 23:31:09,778 [ERROR] Serial port connection error: could not open port 'COM7': FileNotFoundError(2, 'The system cannot find the file specified.', None, 2)
2026-07-13 23:31:09,835 [INFO] Reconnecting attempt 590 in 3 seconds...
2026-07-13 23:31:12,836 [ERROR] Serial port connection error: could not open port 'COM7': FileNotFoundError(2, 'The system cannot find the file specified.', None, 2)
2026-07-13 23:31:12,855 [INFO] Reconnecting attempt 591 in 3 seconds...
2026-07-13 23:31:15,856 [ERROR] Serial port connection error: could not open port 'COM7': FileNotFoundError(2, 'The system cannot find the file specified.', None, 2)
2026-07-13 23:31:15,905 [INFO] Reconnecting attempt 592 in 3 seconds...
2026-07-13 23:31:18,921 [ERROR] Serial port connection error: could not open port 'COM7': FileNotFoundError(2, 'The system cannot find the file specified.', None, 2)
2026-07-13 23:31:18,978 [INFO] Reconnecting attempt 593 in 3 seconds...
2026-07-13 23:31:21,985 [ERROR] Serial port connection error: could not open port 'COM7': FileNotFoundError(2, 'The system cannot find the file specified.', None, 2)
2026-07-13 23:31:22,032 [INFO] Reconnecting attempt 594 in 3 seconds...
2026-07-13 23:31:25,043 [ERROR] Serial port connection error: could not open port 'COM7': FileNotFoundError(2, 'The system cannot find the file specified.', None, 2)
2026-07-13 23:31:25,104 [INFO] Reconnecting attempt 595 in 3 seconds...
2026-07-13 23:31:28,105 [ERROR] Serial port connection error: could not open port 'COM7': FileNotFoundError(2, 'The system cannot find the file specified.', None, 2)
2026-07-13 23:31:28,123 [INFO] Reconnecting attempt 596 in 3 seconds...
2026-07-13 23:31:31,124 [ERROR] Serial port connection error: could not open port 'COM7': FileNotFoundError(2, 'The system cannot find the file specified.', None, 2)
2026-07-13 23:31:31,194 [INFO] Reconnecting attempt 597 in 3 seconds...
2026-07-13 23:31:34,195 [ERROR] Serial port connection error: could not open port 'COM7': FileNotFoundError(2, 'The system cannot find the file specified.', None, 2)
2026-07-13 23:31:34,212 [INFO] Reconnecting attempt 598 in 3 seconds...
2026-07-13 23:31:37,213 [ERROR] Serial port connection error: could not open port 'COM7': FileNotFoundError(2, 'The system cannot find the file specified.', None, 2)
2026-07-13 23:31:37,235 [INFO] Reconnecting attempt 599 in 3 seconds...
2026-07-13 23:31:40,237 [ERROR] Serial port connection error: could not open port 'COM7': FileNotFoundError(2, 'The system cannot find the file specified.', None, 2)
2026-07-13 23:31:40,301 [INFO] Reconnecting attempt 600 in 3 seconds...
2026-07-13 23:31:43,302 [ERROR] Serial port connection error: could not open port 'COM7': FileNotFoundError(2, 'The system cannot find the file specified.', None, 2)
2026-07-13 23:31:43,353 [INFO] Reconnecting attempt 601 in 3 seconds...
2026-07-13 23:31:46,354 [ERROR] Serial port connection error: could not open port 'COM7': FileNotFoundError(2, 'The system cannot find the file specified.', None, 2)
2026-07-13 23:31:46,371 [INFO] Reconnecting attempt 602 in 3 seconds...
2026-07-13 23:31:49,372 [ERROR] Serial port connection error: could not open port 'COM7': FileNotFoundError(2, 'The system cannot find the file specified.', None, 2)
2026-07-13 23:31:49,455 [INFO] Reconnecting attempt 603 in 3 seconds...
2026-07-13 23:31:52,456 [ERROR] Serial port connection error: could not open port 'COM7': FileNotFoundError(2, 'The system cannot find the file specified.', None, 2)
2026-07-13 23:31:52,505 [INFO] Reconnecting attempt 604 in 3 seconds...
2026-07-13 23:31:55,506 [ERROR] Serial port connection error: could not open port 'COM7': FileNotFoundError(2, 'The system cannot find the file specified.', None, 2)
2026-07-13 23:31:55,566 [INFO] Reconnecting attempt 605 in 3 seconds...
2026-07-13 23:31:58,567 [ERROR] Serial port connection error: could not open port 'COM7': FileNotFoundError(2, 'The system cannot find the file specified.', None, 2)
2026-07-13 23:31:58,600 [INFO] Reconnecting attempt 606 in 3 seconds...
2026-07-13 23:32:01,601 [ERROR] Serial port connection error: could not open port 'COM7': FileNotFoundError(2, 'The system cannot find the file specified.', None, 2)
2026-07-13 23:32:01,665 [INFO] Reconnecting attempt 607 in 3 seconds...
2026-07-13 23:32:04,666 [ERROR] Serial port connection error: could not open port 'COM7': FileNotFoundError(2, 'The system cannot find the file specified.', None, 2)
2026-07-13 23:32:04,724 [INFO] Reconnecting attempt 608 in 3 seconds...
2026-07-13 23:32:07,724 [ERROR] Serial port connection error: could not open port 'COM7': FileNotFoundError(2, 'The system cannot find the file specified.', None, 2)
2026-07-13 23:32:07,758 [INFO] Reconnecting attempt 609 in 3 seconds...
2026-07-13 23:32:10,760 [ERROR] Serial port connection error: could not open port 'COM7': FileNotFoundError(2, 'The system cannot find the file specified.', None, 2)
2026-07-13 23:32:10,779 [INFO] Reconnecting attempt 610 in 3 seconds...
2026-07-13 23:32:13,781 [ERROR] Serial port connection error: could not open port 'COM7': FileNotFoundError(2, 'The system cannot find the file specified.', None, 2)
2026-07-13 23:32:13,814 [INFO] Reconnecting attempt 611 in 3 seconds...
2026-07-13 23:32:16,816 [ERROR] Serial port connection error: could not open port 'COM7': FileNotFoundError(2, 'The system cannot find the file specified.', None, 2)
2026-07-13 23:32:16,834 [INFO] Reconnecting attempt 612 in 3 seconds...
2026-07-13 23:32:19,835 [ERROR] Serial port connection error: could not open port 'COM7': FileNotFoundError(2, 'The system cannot find the file specified.', None, 2)
2026-07-13 23:32:19,902 [INFO] Reconnecting attempt 613 in 3 seconds...
2026-07-13 23:32:22,908 [ERROR] Serial port connection error: could not open port 'COM7': FileNotFoundError(2, 'The system cannot find the file specified.', None, 2)
2026-07-13 23:32:22,971 [INFO] Reconnecting attempt 614 in 3 seconds...
2026-07-13 23:32:25,973 [ERROR] Serial port connection error: could not open port 'COM7': FileNotFoundError(2, 'The system cannot find the file specified.', None, 2)
2026-07-13 23:32:26,006 [INFO] Reconnecting attempt 615 in 3 seconds...
2026-07-13 23:32:29,008 [ERROR] Serial port connection error: could not open port 'COM7': FileNotFoundError(2, 'The system cannot find the file specified.', None, 2)
2026-07-13 23:32:29,058 [INFO] Reconnecting attempt 616 in 3 seconds...
2026-07-13 23:32:32,059 [ERROR] Serial port connection error: could not open port 'COM7': FileNotFoundError(2, 'The system cannot find the file specified.', None, 2)
2026-07-13 23:32:32,075 [INFO] Reconnecting attempt 617 in 3 seconds...
2026-07-13 23:32:35,077 [ERROR] Serial port connection error: could not open port 'COM7': FileNotFoundError(2, 'The system cannot find the file specified.', None, 2)
2026-07-13 23:32:35,156 [INFO] Reconnecting attempt 618 in 3 seconds...
2026-07-13 23:32:38,157 [ERROR] Serial port connection error: could not open port 'COM7': FileNotFoundError(2, 'The system cannot find the file specified.', None, 2)
2026-07-13 23:32:38,216 [INFO] Reconnecting attempt 619 in 3 seconds...
2026-07-13 23:32:41,217 [ERROR] Serial port connection error: could not open port 'COM7': FileNotFoundError(2, 'The system cannot find the file specified.', None, 2)
2026-07-13 23:32:41,281 [INFO] Reconnecting attempt 620 in 3 seconds...
2026-07-13 23:32:44,282 [ERROR] Serial port connection error: could not open port 'COM7': FileNotFoundError(2, 'The system cannot find the file specified.', None, 2)
2026-07-13 23:32:44,331 [INFO] Reconnecting attempt 621 in 3 seconds...
2026-07-13 23:32:47,333 [ERROR] Serial port connection error: could not open port 'COM7': FileNotFoundError(2, 'The system cannot find the file specified.', None, 2)
2026-07-13 23:32:47,371 [INFO] Reconnecting attempt 622 in 3 seconds...
2026-07-13 23:32:50,372 [ERROR] Serial port connection error: could not open port 'COM7': FileNotFoundError(2, 'The system cannot find the file specified.', None, 2)
2026-07-13 23:32:50,423 [INFO] Reconnecting attempt 623 in 3 seconds...
2026-07-13 23:32:53,424 [ERROR] Serial port connection error: could not open port 'COM7': FileNotFoundError(2, 'The system cannot find the file specified.', None, 2)
2026-07-13 23:32:53,488 [INFO] Reconnecting attempt 624 in 3 seconds...
2026-07-13 23:32:56,489 [ERROR] Serial port connection error: could not open port 'COM7': FileNotFoundError(2, 'The system cannot find the file specified.', None, 2)
2026-07-13 23:32:56,526 [INFO] Reconnecting attempt 625 in 3 seconds...
2026-07-13 23:32:59,528 [ERROR] Serial port connection error: could not open port 'COM7': FileNotFoundError(2, 'The system cannot find the file specified.', None, 2)
2026-07-13 23:32:59,594 [INFO] Reconnecting attempt 626 in 3 seconds...
2026-07-13 23:33:02,596 [ERROR] Serial port connection error: could not open port 'COM7': FileNotFoundError(2, 'The system cannot find the file specified.', None, 2)
2026-07-13 23:33:02,642 [INFO] Reconnecting attempt 627 in 3 seconds...
2026-07-13 23:33:05,643 [ERROR] Serial port connection error: could not open port 'COM7': FileNotFoundError(2, 'The system cannot find the file specified.', None, 2)
2026-07-13 23:33:05,659 [INFO] Reconnecting attempt 628 in 3 seconds...
2026-07-13 23:33:08,660 [ERROR] Serial port connection error: could not open port 'COM7': FileNotFoundError(2, 'The system cannot find the file specified.', None, 2)
2026-07-13 23:33:08,711 [INFO] Reconnecting attempt 629 in 3 seconds...
2026-07-13 23:33:11,712 [ERROR] Serial port connection error: could not open port 'COM7': FileNotFoundError(2, 'The system cannot find the file specified.', None, 2)
2026-07-13 23:33:11,730 [INFO] Reconnecting attempt 630 in 3 seconds...
2026-07-13 23:33:14,731 [ERROR] Serial port connection error: could not open port 'COM7': FileNotFoundError(2, 'The system cannot find the file specified.', None, 2)
2026-07-13 23:33:14,753 [INFO] Reconnecting attempt 631 in 3 seconds...
2026-07-13 23:33:17,754 [ERROR] Serial port connection error: could not open port 'COM7': FileNotFoundError(2, 'The system cannot find the file specified.', None, 2)
2026-07-13 23:33:17,778 [INFO] Reconnecting attempt 632 in 3 seconds...
2026-07-13 23:33:20,779 [ERROR] Serial port connection error: could not open port 'COM7': FileNotFoundError(2, 'The system cannot find the file specified.', None, 2)
2026-07-13 23:33:20,800 [INFO] Reconnecting attempt 633 in 3 seconds...
2026-07-13 23:33:23,801 [ERROR] Serial port connection error: could not open port 'COM7': FileNotFoundError(2, 'The system cannot find the file specified.', None, 2)
2026-07-13 23:33:23,838 [INFO] Reconnecting attempt 634 in 3 seconds...
2026-07-13 23:33:26,838 [ERROR] Serial port connection error: could not open port 'COM7': FileNotFoundError(2, 'The system cannot find the file specified.', None, 2)
2026-07-13 23:33:26,853 [INFO] Reconnecting attempt 635 in 3 seconds...
2026-07-13 23:33:29,854 [ERROR] Serial port connection error: could not open port 'COM7': FileNotFoundError(2, 'The system cannot find the file specified.', None, 2)
2026-07-13 23:33:29,942 [INFO] Reconnecting attempt 636 in 3 seconds...
2026-07-13 23:33:32,943 [ERROR] Serial port connection error: could not open port 'COM7': FileNotFoundError(2, 'The system cannot find the file specified.', None, 2)
2026-07-13 23:33:32,959 [INFO] Reconnecting attempt 637 in 3 seconds...
2026-07-13 23:33:35,960 [ERROR] Serial port connection error: could not open port 'COM7': FileNotFoundError(2, 'The system cannot find the file specified.', None, 2)
2026-07-13 23:33:35,976 [INFO] Reconnecting attempt 638 in 3 seconds...
2026-07-13 23:33:38,978 [ERROR] Serial port connection error: could not open port 'COM7': FileNotFoundError(2, 'The system cannot find the file specified.', None, 2)
2026-07-13 23:33:38,999 [INFO] Reconnecting attempt 639 in 3 seconds...
2026-07-13 23:33:42,000 [ERROR] Serial port connection error: could not open port 'COM7': FileNotFoundError(2, 'The system cannot find the file specified.', None, 2)
2026-07-13 23:33:42,055 [INFO] Reconnecting attempt 640 in 3 seconds...
2026-07-13 23:33:45,056 [ERROR] Serial port connection error: could not open port 'COM7': FileNotFoundError(2, 'The system cannot find the file specified.', None, 2)
2026-07-13 23:33:45,110 [INFO] Reconnecting attempt 641 in 3 seconds...
2026-07-13 23:33:48,113 [ERROR] Serial port connection error: could not open port 'COM7': FileNotFoundError(2, 'The system cannot find the file specified.', None, 2)
2026-07-13 23:33:48,182 [INFO] Reconnecting attempt 642 in 3 seconds...
2026-07-13 23:33:51,183 [ERROR] Serial port connection error: could not open port 'COM7': FileNotFoundError(2, 'The system cannot find the file specified.', None, 2)
2026-07-13 23:33:51,238 [INFO] Reconnecting attempt 643 in 3 seconds...
2026-07-13 23:33:54,240 [ERROR] Serial port connection error: could not open port 'COM7': FileNotFoundError(2, 'The system cannot find the file specified.', None, 2)
2026-07-13 23:33:54,261 [INFO] Reconnecting attempt 644 in 3 seconds...
2026-07-13 23:33:57,262 [ERROR] Serial port connection error: could not open port 'COM7': FileNotFoundError(2, 'The system cannot find the file specified.', None, 2)
2026-07-13 23:33:57,280 [INFO] Reconnecting attempt 645 in 3 seconds...
2026-07-13 23:34:00,280 [ERROR] Serial port connection error: could not open port 'COM7': FileNotFoundError(2, 'The system cannot find the file specified.', None, 2)
2026-07-13 23:34:00,318 [INFO] Reconnecting attempt 646 in 3 seconds...
2026-07-13 23:34:03,319 [ERROR] Serial port connection error: could not open port 'COM7': FileNotFoundError(2, 'The system cannot find the file specified.', None, 2)
2026-07-13 23:34:03,337 [INFO] Reconnecting attempt 647 in 3 seconds...
2026-07-13 23:34:06,339 [ERROR] Serial port connection error: could not open port 'COM7': FileNotFoundError(2, 'The system cannot find the file specified.', None, 2)
2026-07-13 23:34:06,357 [INFO] Reconnecting attempt 648 in 3 seconds...
2026-07-13 23:34:09,360 [ERROR] Serial port connection error: could not open port 'COM7': FileNotFoundError(2, 'The system cannot find the file specified.', None, 2)
2026-07-13 23:34:09,392 [INFO] Reconnecting attempt 649 in 3 seconds...
2026-07-13 23:34:12,399 [ERROR] Serial port connection error: could not open port 'COM7': FileNotFoundError(2, 'The system cannot find the file specified.', None, 2)
2026-07-13 23:34:12,418 [INFO] Reconnecting attempt 650 in 3 seconds...
2026-07-13 23:34:15,419 [ERROR] Serial port connection error: could not open port 'COM7': FileNotFoundError(2, 'The system cannot find the file specified.', None, 2)
2026-07-13 23:34:15,445 [INFO] Reconnecting attempt 651 in 3 seconds...
2026-07-13 23:34:18,446 [ERROR] Serial port connection error: could not open port 'COM7': FileNotFoundError(2, 'The system cannot find the file specified.', None, 2)
2026-07-13 23:34:18,503 [INFO] Reconnecting attempt 652 in 3 seconds...
2026-07-13 23:34:21,521 [ERROR] Serial port connection error: could not open port 'COM7': FileNotFoundError(2, 'The system cannot find the file specified.', None, 2)
2026-07-13 23:34:21,562 [INFO] Reconnecting attempt 653 in 3 seconds...
2026-07-13 23:34:24,563 [ERROR] Serial port connection error: could not open port 'COM7': FileNotFoundError(2, 'The system cannot find the file specified.', None, 2)
2026-07-13 23:34:24,595 [INFO] Reconnecting attempt 654 in 3 seconds...
2026-07-13 23:34:27,596 [ERROR] Serial port connection error: could not open port 'COM7': FileNotFoundError(2, 'The system cannot find the file specified.', None, 2)
2026-07-13 23:34:27,615 [INFO] Reconnecting attempt 655 in 3 seconds...
2026-07-13 23:34:30,616 [ERROR] Serial port connection error: could not open port 'COM7': FileNotFoundError(2, 'The system cannot find the file specified.', None, 2)
2026-07-13 23:34:30,652 [INFO] Reconnecting attempt 656 in 3 seconds...
2026-07-13 23:34:33,655 [ERROR] Serial port connection error: could not open port 'COM7': FileNotFoundError(2, 'The system cannot find the file specified.', None, 2)
2026-07-13 23:34:33,706 [INFO] Reconnecting attempt 657 in 3 seconds...
2026-07-13 23:34:36,713 [ERROR] Serial port connection error: could not open port 'COM7': FileNotFoundError(2, 'The system cannot find the file specified.', None, 2)
2026-07-13 23:34:36,759 [INFO] Reconnecting attempt 658 in 3 seconds...
2026-07-13 23:34:39,761 [ERROR] Serial port connection error: could not open port 'COM7': FileNotFoundError(2, 'The system cannot find the file specified.', None, 2)
2026-07-13 23:34:39,818 [INFO] Reconnecting attempt 659 in 3 seconds...
2026-07-13 23:34:42,820 [ERROR] Serial port connection error: could not open port 'COM7': FileNotFoundError(2, 'The system cannot find the file specified.', None, 2)
2026-07-13 23:34:42,914 [INFO] Reconnecting attempt 660 in 3 seconds...
2026-07-13 23:34:45,915 [ERROR] Serial port connection error: could not open port 'COM7': FileNotFoundError(2, 'The system cannot find the file specified.', None, 2)
2026-07-13 23:34:45,955 [INFO] Reconnecting attempt 661 in 3 seconds...
2026-07-13 23:34:48,956 [ERROR] Serial port connection error: could not open port 'COM7': FileNotFoundError(2, 'The system cannot find the file specified.', None, 2)
2026-07-13 23:34:49,035 [INFO] Reconnecting attempt 662 in 3 seconds...
2026-07-13 23:34:52,037 [ERROR] Serial port connection error: could not open port 'COM7': FileNotFoundError(2, 'The system cannot find the file specified.', None, 2)
2026-07-13 23:34:52,079 [INFO] Reconnecting attempt 663 in 3 seconds...
2026-07-13 23:34:55,082 [ERROR] Serial port connection error: could not open port 'COM7': FileNotFoundError(2, 'The system cannot find the file specified.', None, 2)
2026-07-13 23:34:55,109 [INFO] Reconnecting attempt 664 in 3 seconds...
2026-07-13 23:34:58,110 [ERROR] Serial port connection error: could not open port 'COM7': FileNotFoundError(2, 'The system cannot find the file specified.', None, 2)
2026-07-13 23:34:58,132 [INFO] Reconnecting attempt 665 in 3 seconds...
2026-07-13 23:35:01,134 [ERROR] Serial port connection error: could not open port 'COM7': FileNotFoundError(2, 'The system cannot find the file specified.', None, 2)
2026-07-13 23:35:01,159 [INFO] Reconnecting attempt 666 in 3 seconds...
2026-07-13 23:35:04,161 [ERROR] Serial port connection error: could not open port 'COM7': FileNotFoundError(2, 'The system cannot find the file specified.', None, 2)
2026-07-13 23:35:04,243 [INFO] Reconnecting attempt 667 in 3 seconds...
2026-07-13 23:35:07,244 [ERROR] Serial port connection error: could not open port 'COM7': FileNotFoundError(2, 'The system cannot find the file specified.', None, 2)
2026-07-13 23:35:07,273 [INFO] Reconnecting attempt 668 in 3 seconds...
2026-07-13 23:35:10,274 [ERROR] Serial port connection error: could not open port 'COM7': FileNotFoundError(2, 'The system cannot find the file specified.', None, 2)
2026-07-13 23:35:10,311 [INFO] Reconnecting attempt 669 in 3 seconds...
2026-07-13 23:35:13,312 [ERROR] Serial port connection error: could not open port 'COM7': FileNotFoundError(2, 'The system cannot find the file specified.', None, 2)
2026-07-13 23:35:13,382 [INFO] Reconnecting attempt 670 in 3 seconds...
2026-07-13 23:35:16,383 [ERROR] Serial port connection error: could not open port 'COM7': FileNotFoundError(2, 'The system cannot find the file specified.', None, 2)
2026-07-13 23:35:16,437 [INFO] Reconnecting attempt 671 in 3 seconds...
2026-07-13 23:35:19,438 [ERROR] Serial port connection error: could not open port 'COM7': FileNotFoundError(2, 'The system cannot find the file specified.', None, 2)
2026-07-13 23:35:19,475 [INFO] Reconnecting attempt 672 in 3 seconds...
2026-07-13 23:35:22,476 [ERROR] Serial port connection error: could not open port 'COM7': FileNotFoundError(2, 'The system cannot find the file specified.', None, 2)
2026-07-13 23:35:22,518 [INFO] Reconnecting attempt 673 in 3 seconds...
2026-07-13 23:35:25,520 [ERROR] Serial port connection error: could not open port 'COM7': FileNotFoundError(2, 'The system cannot find the file specified.', None, 2)
2026-07-13 23:35:25,537 [INFO] Reconnecting attempt 674 in 3 seconds...
2026-07-13 23:35:28,543 [ERROR] Serial port connection error: could not open port 'COM7': FileNotFoundError(2, 'The system cannot find the file specified.', None, 2)
2026-07-13 23:35:28,616 [INFO] Reconnecting attempt 675 in 3 seconds...
2026-07-13 23:35:31,619 [ERROR] Serial port connection error: could not open port 'COM7': FileNotFoundError(2, 'The system cannot find the file specified.', None, 2)
2026-07-13 23:35:31,674 [INFO] Reconnecting attempt 676 in 3 seconds...
2026-07-13 23:35:34,674 [ERROR] Serial port connection error: could not open port 'COM7': FileNotFoundError(2, 'The system cannot find the file specified.', None, 2)
2026-07-13 23:35:34,750 [INFO] Reconnecting attempt 677 in 3 seconds...
2026-07-13 23:35:37,751 [ERROR] Serial port connection error: could not open port 'COM7': FileNotFoundError(2, 'The system cannot find the file specified.', None, 2)
2026-07-13 23:35:37,769 [INFO] Reconnecting attempt 678 in 3 seconds...
2026-07-13 23:35:40,770 [ERROR] Serial port connection error: could not open port 'COM7': FileNotFoundError(2, 'The system cannot find the file specified.', None, 2)
2026-07-13 23:35:40,789 [INFO] Reconnecting attempt 679 in 3 seconds...
2026-07-13 23:35:43,791 [ERROR] Serial port connection error: could not open port 'COM7': FileNotFoundError(2, 'The system cannot find the file specified.', None, 2)
2026-07-13 23:35:43,807 [INFO] Reconnecting attempt 680 in 3 seconds...
2026-07-13 23:35:46,809 [ERROR] Serial port connection error: could not open port 'COM7': FileNotFoundError(2, 'The system cannot find the file specified.', None, 2)
2026-07-13 23:35:46,827 [INFO] Reconnecting attempt 681 in 3 seconds...
2026-07-13 23:35:49,829 [ERROR] Serial port connection error: could not open port 'COM7': FileNotFoundError(2, 'The system cannot find the file specified.', None, 2)
2026-07-13 23:35:49,887 [INFO] Reconnecting attempt 682 in 3 seconds...
2026-07-13 23:35:52,889 [ERROR] Serial port connection error: could not open port 'COM7': FileNotFoundError(2, 'The system cannot find the file specified.', None, 2)
2026-07-13 23:35:52,928 [INFO] Reconnecting attempt 683 in 3 seconds...
2026-07-13 23:35:55,930 [ERROR] Serial port connection error: could not open port 'COM7': FileNotFoundError(2, 'The system cannot find the file specified.', None, 2)
2026-07-13 23:35:55,967 [INFO] Reconnecting attempt 684 in 3 seconds...
2026-07-13 23:35:58,968 [ERROR] Serial port connection error: could not open port 'COM7': FileNotFoundError(2, 'The system cannot find the file specified.', None, 2)
2026-07-13 23:35:59,008 [INFO] Reconnecting attempt 685 in 3 seconds...
2026-07-13 23:36:02,008 [ERROR] Serial port connection error: could not open port 'COM7': FileNotFoundError(2, 'The system cannot find the file specified.', None, 2)
2026-07-13 23:36:02,091 [INFO] Reconnecting attempt 686 in 3 seconds...
2026-07-13 23:36:05,092 [ERROR] Serial port connection error: could not open port 'COM7': FileNotFoundError(2, 'The system cannot find the file specified.', None, 2)
2026-07-13 23:36:05,108 [INFO] Reconnecting attempt 687 in 3 seconds...
2026-07-13 23:36:08,131 [ERROR] Serial port connection error: could not open port 'COM7': FileNotFoundError(2, 'The system cannot find the file specified.', None, 2)
2026-07-13 23:36:08,209 [INFO] Reconnecting attempt 688 in 3 seconds...
2026-07-13 23:36:11,212 [ERROR] Serial port connection error: could not open port 'COM7': FileNotFoundError(2, 'The system cannot find the file specified.', None, 2)
2026-07-13 23:36:11,265 [INFO] Reconnecting attempt 689 in 3 seconds...
2026-07-13 23:36:14,266 [ERROR] Serial port connection error: could not open port 'COM7': FileNotFoundError(2, 'The system cannot find the file specified.', None, 2)
2026-07-13 23:36:14,284 [INFO] Reconnecting attempt 690 in 3 seconds...
2026-07-13 23:36:17,286 [ERROR] Serial port connection error: could not open port 'COM7': FileNotFoundError(2, 'The system cannot find the file specified.', None, 2)
2026-07-13 23:36:17,336 [INFO] Reconnecting attempt 691 in 3 seconds...
2026-07-13 23:36:20,337 [ERROR] Serial port connection error: could not open port 'COM7': FileNotFoundError(2, 'The system cannot find the file specified.', None, 2)
2026-07-13 23:36:20,393 [INFO] Reconnecting attempt 692 in 3 seconds...
2026-07-13 23:36:23,394 [ERROR] Serial port connection error: could not open port 'COM7': FileNotFoundError(2, 'The system cannot find the file specified.', None, 2)
2026-07-13 23:36:23,424 [INFO] Reconnecting attempt 693 in 3 seconds...
2026-07-13 23:36:26,425 [ERROR] Serial port connection error: could not open port 'COM7': FileNotFoundError(2, 'The system cannot find the file specified.', None, 2)
2026-07-13 23:36:26,442 [INFO] Reconnecting attempt 694 in 3 seconds...
2026-07-13 23:36:29,443 [ERROR] Serial port connection error: could not open port 'COM7': FileNotFoundError(2, 'The system cannot find the file specified.', None, 2)
2026-07-13 23:36:29,472 [INFO] Reconnecting attempt 695 in 3 seconds...
2026-07-13 23:36:32,474 [ERROR] Serial port connection error: could not open port 'COM7': FileNotFoundError(2, 'The system cannot find the file specified.', None, 2)
2026-07-13 23:36:32,517 [INFO] Reconnecting attempt 696 in 3 seconds...
2026-07-13 23:36:35,517 [ERROR] Serial port connection error: could not open port 'COM7': FileNotFoundError(2, 'The system cannot find the file specified.', None, 2)
2026-07-13 23:36:35,533 [INFO] Reconnecting attempt 697 in 3 seconds...
2026-07-13 23:36:38,534 [ERROR] Serial port connection error: could not open port 'COM7': FileNotFoundError(2, 'The system cannot find the file specified.', None, 2)
2026-07-13 23:36:38,603 [INFO] Reconnecting attempt 698 in 3 seconds...
2026-07-13 23:36:41,604 [ERROR] Serial port connection error: could not open port 'COM7': FileNotFoundError(2, 'The system cannot find the file specified.', None, 2)
2026-07-13 23:36:41,663 [INFO] Reconnecting attempt 699 in 3 seconds...
2026-07-13 23:36:44,666 [ERROR] Serial port connection error: could not open port 'COM7': FileNotFoundError(2, 'The system cannot find the file specified.', None, 2)
2026-07-13 23:36:44,749 [INFO] Reconnecting attempt 700 in 3 seconds...
2026-07-13 23:36:47,752 [ERROR] Serial port connection error: could not open port 'COM7': FileNotFoundError(2, 'The system cannot find the file specified.', None, 2)
2026-07-13 23:36:47,825 [INFO] Reconnecting attempt 701 in 3 seconds...
2026-07-13 23:36:50,826 [ERROR] Serial port connection error: could not open port 'COM7': FileNotFoundError(2, 'The system cannot find the file specified.', None, 2)
2026-07-13 23:36:50,881 [INFO] Reconnecting attempt 702 in 3 seconds...
2026-07-13 23:36:53,883 [ERROR] Serial port connection error: could not open port 'COM7': FileNotFoundError(2, 'The system cannot find the file specified.', None, 2)
2026-07-13 23:36:53,907 [INFO] Reconnecting attempt 703 in 3 seconds...
2026-07-13 23:36:56,921 [ERROR] Serial port connection error: could not open port 'COM7': FileNotFoundError(2, 'The system cannot find the file specified.', None, 2)
2026-07-13 23:36:56,976 [INFO] Reconnecting attempt 704 in 3 seconds...
2026-07-13 23:36:59,977 [ERROR] Serial port connection error: could not open port 'COM7': FileNotFoundError(2, 'The system cannot find the file specified.', None, 2)
2026-07-13 23:37:00,058 [INFO] Reconnecting attempt 705 in 3 seconds...
2026-07-13 23:37:03,061 [ERROR] Serial port connection error: could not open port 'COM7': FileNotFoundError(2, 'The system cannot find the file specified.', None, 2)
2026-07-13 23:37:03,102 [INFO] Reconnecting attempt 706 in 3 seconds...
2026-07-13 23:37:06,103 [ERROR] Serial port connection error: could not open port 'COM7': FileNotFoundError(2, 'The system cannot find the file specified.', None, 2)
2026-07-13 23:37:06,170 [INFO] Reconnecting attempt 707 in 3 seconds...
2026-07-13 23:37:09,171 [ERROR] Serial port connection error: could not open port 'COM7': FileNotFoundError(2, 'The system cannot find the file specified.', None, 2)
2026-07-13 23:37:09,196 [INFO] Reconnecting attempt 708 in 3 seconds...
2026-07-13 23:37:12,198 [ERROR] Serial port connection error: could not open port 'COM7': FileNotFoundError(2, 'The system cannot find the file specified.', None, 2)
2026-07-13 23:37:12,216 [INFO] Reconnecting attempt 709 in 3 seconds...
2026-07-13 23:37:15,217 [ERROR] Serial port connection error: could not open port 'COM7': FileNotFoundError(2, 'The system cannot find the file specified.', None, 2)
2026-07-13 23:37:15,263 [INFO] Reconnecting attempt 710 in 3 seconds...
2026-07-13 23:37:18,265 [ERROR] Serial port connection error: could not open port 'COM7': FileNotFoundError(2, 'The system cannot find the file specified.', None, 2)
2026-07-13 23:37:18,282 [INFO] Reconnecting attempt 711 in 3 seconds...
2026-07-13 23:37:21,283 [ERROR] Serial port connection error: could not open port 'COM7': FileNotFoundError(2, 'The system cannot find the file specified.', None, 2)
2026-07-13 23:37:21,318 [INFO] Reconnecting attempt 712 in 3 seconds...
2026-07-13 23:37:24,320 [ERROR] Serial port connection error: could not open port 'COM7': FileNotFoundError(2, 'The system cannot find the file specified.', None, 2)
2026-07-13 23:37:24,373 [INFO] Reconnecting attempt 713 in 3 seconds...
2026-07-13 23:37:27,374 [ERROR] Serial port connection error: could not open port 'COM7': FileNotFoundError(2, 'The system cannot find the file specified.', None, 2)
2026-07-13 23:37:27,391 [INFO] Reconnecting attempt 714 in 3 seconds...
2026-07-13 23:37:30,392 [ERROR] Serial port connection error: could not open port 'COM7': FileNotFoundError(2, 'The system cannot find the file specified.', None, 2)
2026-07-13 23:37:30,467 [INFO] Reconnecting attempt 715 in 3 seconds...
2026-07-13 23:37:33,468 [ERROR] Serial port connection error: could not open port 'COM7': FileNotFoundError(2, 'The system cannot find the file specified.', None, 2)
2026-07-13 23:37:33,522 [INFO] Reconnecting attempt 716 in 3 seconds...
2026-07-13 23:37:36,524 [ERROR] Serial port connection error: could not open port 'COM7': FileNotFoundError(2, 'The system cannot find the file specified.', None, 2)
2026-07-13 23:37:36,575 [INFO] Reconnecting attempt 717 in 3 seconds...
2026-07-13 23:37:39,577 [ERROR] Serial port connection error: could not open port 'COM7': FileNotFoundError(2, 'The system cannot find the file specified.', None, 2)
2026-07-13 23:37:39,628 [INFO] Reconnecting attempt 718 in 3 seconds...
2026-07-13 23:37:42,629 [ERROR] Serial port connection error: could not open port 'COM7': FileNotFoundError(2, 'The system cannot find the file specified.', None, 2)
2026-07-13 23:37:42,687 [INFO] Reconnecting attempt 719 in 3 seconds...
2026-07-13 23:37:45,688 [ERROR] Serial port connection error: could not open port 'COM7': FileNotFoundError(2, 'The system cannot find the file specified.', None, 2)
2026-07-13 23:37:45,705 [INFO] Reconnecting attempt 720 in 3 seconds...
2026-07-13 23:37:48,707 [ERROR] Serial port connection error: could not open port 'COM7': FileNotFoundError(2, 'The system cannot find the file specified.', None, 2)
2026-07-13 23:37:48,783 [INFO] Reconnecting attempt 721 in 3 seconds...
2026-07-13 23:37:51,784 [ERROR] Serial port connection error: could not open port 'COM7': FileNotFoundError(2, 'The system cannot find the file specified.', None, 2)
2026-07-13 23:37:51,803 [INFO] Reconnecting attempt 722 in 3 seconds...
2026-07-13 23:37:54,804 [ERROR] Serial port connection error: could not open port 'COM7': FileNotFoundError(2, 'The system cannot find the file specified.', None, 2)
2026-07-13 23:37:54,850 [INFO] Reconnecting attempt 723 in 3 seconds...
2026-07-13 23:37:57,851 [ERROR] Serial port connection error: could not open port 'COM7': FileNotFoundError(2, 'The system cannot find the file specified.', None, 2)
2026-07-13 23:37:57,885 [INFO] Reconnecting attempt 724 in 3 seconds...
2026-07-13 23:38:00,886 [ERROR] Serial port connection error: could not open port 'COM7': FileNotFoundError(2, 'The system cannot find the file specified.', None, 2)
2026-07-13 23:38:00,905 [INFO] Reconnecting attempt 725 in 3 seconds...
2026-07-13 23:38:03,908 [ERROR] Serial port connection error: could not open port 'COM7': FileNotFoundError(2, 'The system cannot find the file specified.', None, 2)
2026-07-13 23:38:03,932 [INFO] Reconnecting attempt 726 in 3 seconds...
2026-07-13 23:38:06,933 [ERROR] Serial port connection error: could not open port 'COM7': FileNotFoundError(2, 'The system cannot find the file specified.', None, 2)
2026-07-13 23:38:06,986 [INFO] Reconnecting attempt 727 in 3 seconds...
2026-07-13 23:38:09,986 [ERROR] Serial port connection error: could not open port 'COM7': FileNotFoundError(2, 'The system cannot find the file specified.', None, 2)
2026-07-13 23:38:10,010 [INFO] Reconnecting attempt 728 in 3 seconds...
2026-07-13 23:38:13,011 [ERROR] Serial port connection error: could not open port 'COM7': FileNotFoundError(2, 'The system cannot find the file specified.', None, 2)
2026-07-13 23:38:13,028 [INFO] Reconnecting attempt 729 in 3 seconds...
2026-07-13 23:38:16,028 [ERROR] Serial port connection error: could not open port 'COM7': FileNotFoundError(2, 'The system cannot find the file specified.', None, 2)
2026-07-13 23:38:16,073 [INFO] Reconnecting attempt 730 in 3 seconds...
2026-07-13 23:38:19,074 [ERROR] Serial port connection error: could not open port 'COM7': FileNotFoundError(2, 'The system cannot find the file specified.', None, 2)
2026-07-13 23:38:19,119 [INFO] Reconnecting attempt 731 in 3 seconds...
2026-07-13 23:38:22,120 [ERROR] Serial port connection error: could not open port 'COM7': FileNotFoundError(2, 'The system cannot find the file specified.', None, 2)
2026-07-13 23:38:22,179 [INFO] Reconnecting attempt 732 in 3 seconds...
2026-07-13 23:38:25,180 [ERROR] Serial port connection error: could not open port 'COM7': FileNotFoundError(2, 'The system cannot find the file specified.', None, 2)
2026-07-13 23:38:25,201 [INFO] Reconnecting attempt 733 in 3 seconds...
2026-07-13 23:38:28,205 [ERROR] Serial port connection error: could not open port 'COM7': FileNotFoundError(2, 'The system cannot find the file specified.', None, 2)
2026-07-13 23:38:28,272 [INFO] Reconnecting attempt 734 in 3 seconds...
2026-07-13 23:38:31,273 [ERROR] Serial port connection error: could not open port 'COM7': FileNotFoundError(2, 'The system cannot find the file specified.', None, 2)
2026-07-13 23:38:31,328 [INFO] Reconnecting attempt 735 in 3 seconds...
2026-07-13 23:38:34,329 [ERROR] Serial port connection error: could not open port 'COM7': FileNotFoundError(2, 'The system cannot find the file specified.', None, 2)
2026-07-13 23:38:34,379 [INFO] Reconnecting attempt 736 in 3 seconds...
2026-07-13 23:38:37,386 [ERROR] Serial port connection error: could not open port 'COM7': FileNotFoundError(2, 'The system cannot find the file specified.', None, 2)
2026-07-13 23:38:37,447 [INFO] Reconnecting attempt 737 in 3 seconds...
2026-07-13 23:38:40,448 [ERROR] Serial port connection error: could not open port 'COM7': FileNotFoundError(2, 'The system cannot find the file specified.', None, 2)
2026-07-13 23:38:40,502 [INFO] Reconnecting attempt 738 in 3 seconds...
2026-07-13 23:38:43,504 [ERROR] Serial port connection error: could not open port 'COM7': FileNotFoundError(2, 'The system cannot find the file specified.', None, 2)
2026-07-13 23:38:43,554 [INFO] Reconnecting attempt 739 in 3 seconds...
2026-07-13 23:38:46,556 [ERROR] Serial port connection error: could not open port 'COM7': FileNotFoundError(2, 'The system cannot find the file specified.', None, 2)
2026-07-13 23:38:46,575 [INFO] Reconnecting attempt 740 in 3 seconds...
2026-07-13 23:38:49,587 [ERROR] Serial port connection error: could not open port 'COM7': FileNotFoundError(2, 'The system cannot find the file specified.', None, 2)
2026-07-13 23:38:49,613 [INFO] Reconnecting attempt 741 in 3 seconds...
2026-07-13 23:38:52,617 [ERROR] Serial port connection error: could not open port 'COM7': FileNotFoundError(2, 'The system cannot find the file specified.', None, 2)
2026-07-13 23:38:52,671 [INFO] Reconnecting attempt 742 in 3 seconds...
2026-07-13 23:38:55,674 [ERROR] Serial port connection error: could not open port 'COM7': FileNotFoundError(2, 'The system cannot find the file specified.', None, 2)
2026-07-13 23:38:55,702 [INFO] Reconnecting attempt 743 in 3 seconds...
2026-07-13 23:38:58,703 [ERROR] Serial port connection error: could not open port 'COM7': FileNotFoundError(2, 'The system cannot find the file specified.', None, 2)
2026-07-13 23:38:58,755 [INFO] Reconnecting attempt 744 in 3 seconds...
2026-07-13 23:39:01,757 [ERROR] Serial port connection error: could not open port 'COM7': FileNotFoundError(2, 'The system cannot find the file specified.', None, 2)
2026-07-13 23:39:01,780 [INFO] Reconnecting attempt 745 in 3 seconds...
2026-07-13 23:39:04,781 [ERROR] Serial port connection error: could not open port 'COM7': FileNotFoundError(2, 'The system cannot find the file specified.', None, 2)
2026-07-13 23:39:04,840 [INFO] Reconnecting attempt 746 in 3 seconds...
2026-07-13 23:39:07,846 [ERROR] Serial port connection error: could not open port 'COM7': FileNotFoundError(2, 'The system cannot find the file specified.', None, 2)
2026-07-13 23:39:07,899 [INFO] Reconnecting attempt 747 in 3 seconds...
2026-07-13 23:39:10,900 [ERROR] Serial port connection error: could not open port 'COM7': FileNotFoundError(2, 'The system cannot find the file specified.', None, 2)
2026-07-13 23:39:10,917 [INFO] Reconnecting attempt 748 in 3 seconds...
2026-07-13 23:39:13,918 [ERROR] Serial port connection error: could not open port 'COM7': FileNotFoundError(2, 'The system cannot find the file specified.', None, 2)
2026-07-13 23:39:14,006 [INFO] Reconnecting attempt 749 in 3 seconds...
2026-07-13 23:39:17,007 [ERROR] Serial port connection error: could not open port 'COM7': FileNotFoundError(2, 'The system cannot find the file specified.', None, 2)
2026-07-13 23:39:17,076 [INFO] Reconnecting attempt 750 in 3 seconds...
2026-07-13 23:39:20,077 [ERROR] Serial port connection error: could not open port 'COM7': FileNotFoundError(2, 'The system cannot find the file specified.', None, 2)
2026-07-13 23:39:20,137 [INFO] Reconnecting attempt 751 in 3 seconds...
2026-07-13 23:39:23,145 [ERROR] Serial port connection error: could not open port 'COM7': FileNotFoundError(2, 'The system cannot find the file specified.', None, 2)
2026-07-13 23:39:23,203 [INFO] Reconnecting attempt 752 in 3 seconds...
2026-07-13 23:39:26,204 [ERROR] Serial port connection error: could not open port 'COM7': FileNotFoundError(2, 'The system cannot find the file specified.', None, 2)
2026-07-13 23:39:26,273 [INFO] Reconnecting attempt 753 in 3 seconds...
2026-07-13 23:39:29,274 [ERROR] Serial port connection error: could not open port 'COM7': FileNotFoundError(2, 'The system cannot find the file specified.', None, 2)
2026-07-13 23:39:29,297 [INFO] Reconnecting attempt 754 in 3 seconds...
2026-07-13 23:39:32,298 [ERROR] Serial port connection error: could not open port 'COM7': FileNotFoundError(2, 'The system cannot find the file specified.', None, 2)
2026-07-13 23:39:32,318 [INFO] Reconnecting attempt 755 in 3 seconds...
2026-07-13 23:39:35,319 [ERROR] Serial port connection error: could not open port 'COM7': FileNotFoundError(2, 'The system cannot find the file specified.', None, 2)
2026-07-13 23:39:35,339 [INFO] Reconnecting attempt 756 in 3 seconds...
2026-07-13 23:39:38,341 [ERROR] Serial port connection error: could not open port 'COM7': FileNotFoundError(2, 'The system cannot find the file specified.', None, 2)
2026-07-13 23:39:38,376 [INFO] Reconnecting attempt 757 in 3 seconds...
2026-07-13 23:39:41,377 [ERROR] Serial port connection error: could not open port 'COM7': FileNotFoundError(2, 'The system cannot find the file specified.', None, 2)
2026-07-13 23:39:41,435 [INFO] Reconnecting attempt 758 in 3 seconds...
2026-07-13 23:39:44,436 [ERROR] Serial port connection error: could not open port 'COM7': FileNotFoundError(2, 'The system cannot find the file specified.', None, 2)
2026-07-13 23:39:44,486 [INFO] Reconnecting attempt 759 in 3 seconds...
2026-07-13 23:39:47,487 [ERROR] Serial port connection error: could not open port 'COM7': FileNotFoundError(2, 'The system cannot find the file specified.', None, 2)
2026-07-13 23:39:47,504 [INFO] Reconnecting attempt 760 in 3 seconds...
2026-07-13 23:39:50,505 [ERROR] Serial port connection error: could not open port 'COM7': FileNotFoundError(2, 'The system cannot find the file specified.', None, 2)
2026-07-13 23:39:50,552 [INFO] Reconnecting attempt 761 in 3 seconds...
2026-07-13 23:39:53,554 [ERROR] Serial port connection error: could not open port 'COM7': FileNotFoundError(2, 'The system cannot find the file specified.', None, 2)
2026-07-13 23:39:53,648 [INFO] Reconnecting attempt 762 in 3 seconds...
2026-07-13 23:39:56,649 [ERROR] Serial port connection error: could not open port 'COM7': FileNotFoundError(2, 'The system cannot find the file specified.', None, 2)
2026-07-13 23:39:56,823 [INFO] Reconnecting attempt 763 in 3 seconds...
2026-07-13 23:39:59,824 [ERROR] Serial port connection error: could not open port 'COM7': FileNotFoundError(2, 'The system cannot find the file specified.', None, 2)
2026-07-13 23:39:59,890 [INFO] Reconnecting attempt 764 in 3 seconds...
2026-07-13 23:40:02,893 [ERROR] Serial port connection error: could not open port 'COM7': FileNotFoundError(2, 'The system cannot find the file specified.', None, 2)
2026-07-13 23:40:02,927 [INFO] Reconnecting attempt 765 in 3 seconds...
2026-07-13 23:40:05,928 [ERROR] Serial port connection error: could not open port 'COM7': FileNotFoundError(2, 'The system cannot find the file specified.', None, 2)
2026-07-13 23:40:05,951 [INFO] Reconnecting attempt 766 in 3 seconds...
2026-07-13 23:40:08,953 [ERROR] Serial port connection error: could not open port 'COM7': FileNotFoundError(2, 'The system cannot find the file specified.', None, 2)
2026-07-13 23:40:09,019 [INFO] Reconnecting attempt 767 in 3 seconds...
2026-07-13 23:40:12,044 [ERROR] Serial port connection error: could not open port 'COM7': FileNotFoundError(2, 'The system cannot find the file specified.', None, 2)
2026-07-13 23:40:12,105 [INFO] Reconnecting attempt 768 in 3 seconds...
2026-07-13 23:40:15,106 [ERROR] Serial port connection error: could not open port 'COM7': FileNotFoundError(2, 'The system cannot find the file specified.', None, 2)
2026-07-13 23:40:15,135 [INFO] Reconnecting attempt 769 in 3 seconds...
2026-07-13 23:40:18,140 [ERROR] Serial port connection error: could not open port 'COM7': FileNotFoundError(2, 'The system cannot find the file specified.', None, 2)
2026-07-13 23:40:18,196 [INFO] Reconnecting attempt 770 in 3 seconds...
2026-07-13 23:40:21,197 [ERROR] Serial port connection error: could not open port 'COM7': FileNotFoundError(2, 'The system cannot find the file specified.', None, 2)
2026-07-13 23:40:21,247 [INFO] Reconnecting attempt 771 in 3 seconds...
2026-07-13 23:40:24,248 [ERROR] Serial port connection error: could not open port 'COM7': FileNotFoundError(2, 'The system cannot find the file specified.', None, 2)
2026-07-13 23:40:24,290 [INFO] Reconnecting attempt 772 in 3 seconds...
2026-07-13 23:40:27,291 [ERROR] Serial port connection error: could not open port 'COM7': FileNotFoundError(2, 'The system cannot find the file specified.', None, 2)
2026-07-13 23:40:27,309 [INFO] Reconnecting attempt 773 in 3 seconds...
2026-07-13 23:40:30,310 [ERROR] Serial port connection error: could not open port 'COM7': FileNotFoundError(2, 'The system cannot find the file specified.', None, 2)
2026-07-13 23:40:30,364 [INFO] Reconnecting attempt 774 in 3 seconds...
2026-07-13 23:40:33,364 [ERROR] Serial port connection error: could not open port 'COM7': FileNotFoundError(2, 'The system cannot find the file specified.', None, 2)
2026-07-13 23:40:33,389 [INFO] Reconnecting attempt 775 in 3 seconds...
2026-07-13 23:40:36,392 [ERROR] Serial port connection error: could not open port 'COM7': FileNotFoundError(2, 'The system cannot find the file specified.', None, 2)
2026-07-13 23:40:36,454 [INFO] Reconnecting attempt 776 in 3 seconds...
2026-07-13 23:40:39,455 [ERROR] Serial port connection error: could not open port 'COM7': FileNotFoundError(2, 'The system cannot find the file specified.', None, 2)
2026-07-13 23:40:39,540 [INFO] Reconnecting attempt 777 in 3 seconds...
2026-07-13 23:40:42,545 [ERROR] Serial port connection error: could not open port 'COM7': FileNotFoundError(2, 'The system cannot find the file specified.', None, 2)
2026-07-13 23:40:42,603 [INFO] Reconnecting attempt 778 in 3 seconds...
2026-07-13 23:40:45,603 [ERROR] Serial port connection error: could not open port 'COM7': FileNotFoundError(2, 'The system cannot find the file specified.', None, 2)
2026-07-13 23:40:45,651 [INFO] Reconnecting attempt 779 in 3 seconds...
2026-07-13 23:40:48,652 [ERROR] Serial port connection error: could not open port 'COM7': FileNotFoundError(2, 'The system cannot find the file specified.', None, 2)
2026-07-13 23:40:48,707 [INFO] Reconnecting attempt 780 in 3 seconds...
2026-07-13 23:40:51,709 [ERROR] Serial port connection error: could not open port 'COM7': FileNotFoundError(2, 'The system cannot find the file specified.', None, 2)
2026-07-13 23:40:51,793 [INFO] Reconnecting attempt 781 in 3 seconds...
2026-07-13 23:40:54,797 [ERROR] Serial port connection error: could not open port 'COM7': FileNotFoundError(2, 'The system cannot find the file specified.', None, 2)
2026-07-13 23:40:54,838 [INFO] Reconnecting attempt 782 in 3 seconds...
2026-07-13 23:40:57,840 [ERROR] Serial port connection error: could not open port 'COM7': FileNotFoundError(2, 'The system cannot find the file specified.', None, 2)
2026-07-13 23:40:57,894 [INFO] Reconnecting attempt 783 in 3 seconds...
2026-07-13 23:41:00,895 [ERROR] Serial port connection error: could not open port 'COM7': FileNotFoundError(2, 'The system cannot find the file specified.', None, 2)
2026-07-13 23:41:00,947 [INFO] Reconnecting attempt 784 in 3 seconds...
2026-07-13 23:41:03,948 [ERROR] Serial port connection error: could not open port 'COM7': FileNotFoundError(2, 'The system cannot find the file specified.', None, 2)
2026-07-13 23:41:03,986 [INFO] Reconnecting attempt 785 in 3 seconds...
2026-07-13 23:41:06,987 [ERROR] Serial port connection error: could not open port 'COM7': FileNotFoundError(2, 'The system cannot find the file specified.', None, 2)
2026-07-13 23:41:07,051 [INFO] Reconnecting attempt 786 in 3 seconds...
2026-07-13 23:41:10,053 [ERROR] Serial port connection error: could not open port 'COM7': FileNotFoundError(2, 'The system cannot find the file specified.', None, 2)
2026-07-13 23:41:10,083 [INFO] Reconnecting attempt 787 in 3 seconds...
2026-07-13 23:41:13,084 [ERROR] Serial port connection error: could not open port 'COM7': FileNotFoundError(2, 'The system cannot find the file specified.', None, 2)
2026-07-13 23:41:13,132 [INFO] Reconnecting attempt 788 in 3 seconds...
2026-07-13 23:41:16,133 [ERROR] Serial port connection error: could not open port 'COM7': FileNotFoundError(2, 'The system cannot find the file specified.', None, 2)
2026-07-13 23:41:16,240 [INFO] Reconnecting attempt 789 in 3 seconds...
2026-07-13 23:41:19,241 [ERROR] Serial port connection error: could not open port 'COM7': FileNotFoundError(2, 'The system cannot find the file specified.', None, 2)
2026-07-13 23:41:19,292 [INFO] Reconnecting attempt 790 in 3 seconds...
2026-07-13 23:41:22,293 [ERROR] Serial port connection error: could not open port 'COM7': FileNotFoundError(2, 'The system cannot find the file specified.', None, 2)
2026-07-13 23:41:22,314 [INFO] Reconnecting attempt 791 in 3 seconds...
2026-07-13 23:41:25,316 [ERROR] Serial port connection error: could not open port 'COM7': FileNotFoundError(2, 'The system cannot find the file specified.', None, 2)
2026-07-13 23:41:25,337 [INFO] Reconnecting attempt 792 in 3 seconds...
2026-07-13 23:41:28,356 [ERROR] Serial port connection error: could not open port 'COM7': FileNotFoundError(2, 'The system cannot find the file specified.', None, 2)
2026-07-13 23:41:28,417 [INFO] Reconnecting attempt 793 in 3 seconds...
2026-07-13 23:41:31,418 [ERROR] Serial port connection error: could not open port 'COM7': FileNotFoundError(2, 'The system cannot find the file specified.', None, 2)
2026-07-13 23:41:31,472 [INFO] Reconnecting attempt 794 in 3 seconds...
2026-07-13 23:41:34,473 [ERROR] Serial port connection error: could not open port 'COM7': FileNotFoundError(2, 'The system cannot find the file specified.', None, 2)
2026-07-13 23:41:34,529 [INFO] Reconnecting attempt 795 in 3 seconds...
2026-07-13 23:41:37,531 [ERROR] Serial port connection error: could not open port 'COM7': FileNotFoundError(2, 'The system cannot find the file specified.', None, 2)
2026-07-13 23:41:37,560 [INFO] Reconnecting attempt 796 in 3 seconds...
2026-07-13 23:41:40,561 [ERROR] Serial port connection error: could not open port 'COM7': FileNotFoundError(2, 'The system cannot find the file specified.', None, 2)
2026-07-13 23:41:40,588 [INFO] Reconnecting attempt 797 in 3 seconds...
2026-07-13 23:41:43,590 [ERROR] Serial port connection error: could not open port 'COM7': FileNotFoundError(2, 'The system cannot find the file specified.', None, 2)
2026-07-13 23:41:43,610 [INFO] Reconnecting attempt 798 in 3 seconds...
2026-07-13 23:41:46,611 [ERROR] Serial port connection error: could not open port 'COM7': FileNotFoundError(2, 'The system cannot find the file specified.', None, 2)
2026-07-13 23:41:46,673 [INFO] Reconnecting attempt 799 in 3 seconds...
2026-07-13 23:41:49,676 [ERROR] Serial port connection error: could not open port 'COM7': FileNotFoundError(2, 'The system cannot find the file specified.', None, 2)
2026-07-13 23:41:49,693 [INFO] Reconnecting attempt 800 in 3 seconds...
2026-07-13 23:41:52,694 [ERROR] Serial port connection error: could not open port 'COM7': FileNotFoundError(2, 'The system cannot find the file specified.', None, 2)
2026-07-13 23:41:52,711 [INFO] Reconnecting attempt 801 in 3 seconds...
2026-07-13 23:41:55,712 [ERROR] Serial port connection error: could not open port 'COM7': FileNotFoundError(2, 'The system cannot find the file specified.', None, 2)
2026-07-13 23:41:55,778 [INFO] Reconnecting attempt 802 in 3 seconds...
2026-07-13 23:41:58,779 [ERROR] Serial port connection error: could not open port 'COM7': FileNotFoundError(2, 'The system cannot find the file specified.', None, 2)
2026-07-13 23:41:58,840 [INFO] Reconnecting attempt 803 in 3 seconds...
2026-07-13 23:42:01,841 [ERROR] Serial port connection error: could not open port 'COM7': FileNotFoundError(2, 'The system cannot find the file specified.', None, 2)
2026-07-13 23:42:01,868 [INFO] Reconnecting attempt 804 in 3 seconds...
2026-07-13 23:42:04,869 [ERROR] Serial port connection error: could not open port 'COM7': FileNotFoundError(2, 'The system cannot find the file specified.', None, 2)
2026-07-13 23:42:04,900 [INFO] Reconnecting attempt 805 in 3 seconds...
2026-07-13 23:42:07,923 [ERROR] Serial port connection error: could not open port 'COM7': FileNotFoundError(2, 'The system cannot find the file specified.', None, 2)
2026-07-13 23:42:07,979 [INFO] Reconnecting attempt 806 in 3 seconds...
2026-07-13 23:42:10,980 [ERROR] Serial port connection error: could not open port 'COM7': FileNotFoundError(2, 'The system cannot find the file specified.', None, 2)
2026-07-13 23:42:11,018 [INFO] Reconnecting attempt 807 in 3 seconds...
2026-07-13 23:42:14,019 [ERROR] Serial port connection error: could not open port 'COM7': FileNotFoundError(2, 'The system cannot find the file specified.', None, 2)
2026-07-13 23:42:14,037 [INFO] Reconnecting attempt 808 in 3 seconds...
2026-07-13 23:42:17,039 [ERROR] Serial port connection error: could not open port 'COM7': FileNotFoundError(2, 'The system cannot find the file specified.', None, 2)
2026-07-13 23:42:17,056 [INFO] Reconnecting attempt 809 in 3 seconds...
2026-07-13 23:42:20,057 [ERROR] Serial port connection error: could not open port 'COM7': FileNotFoundError(2, 'The system cannot find the file specified.', None, 2)
2026-07-13 23:42:20,086 [INFO] Reconnecting attempt 810 in 3 seconds...
2026-07-13 23:42:23,088 [ERROR] Serial port connection error: could not open port 'COM7': FileNotFoundError(2, 'The system cannot find the file specified.', None, 2)
2026-07-13 23:42:23,152 [INFO] Reconnecting attempt 811 in 3 seconds...
2026-07-13 23:42:26,153 [ERROR] Serial port connection error: could not open port 'COM7': FileNotFoundError(2, 'The system cannot find the file specified.', None, 2)
2026-07-13 23:42:26,180 [INFO] Reconnecting attempt 812 in 3 seconds...
2026-07-13 23:42:29,180 [ERROR] Serial port connection error: could not open port 'COM7': FileNotFoundError(2, 'The system cannot find the file specified.', None, 2)
2026-07-13 23:42:29,202 [INFO] Reconnecting attempt 813 in 3 seconds...
2026-07-13 23:42:32,203 [ERROR] Serial port connection error: could not open port 'COM7': FileNotFoundError(2, 'The system cannot find the file specified.', None, 2)
2026-07-13 23:42:32,240 [INFO] Reconnecting attempt 814 in 3 seconds...
2026-07-13 23:42:35,250 [ERROR] Serial port connection error: could not open port 'COM7': FileNotFoundError(2, 'The system cannot find the file specified.', None, 2)
2026-07-13 23:42:35,294 [INFO] Reconnecting attempt 815 in 3 seconds...
2026-07-13 23:42:38,295 [ERROR] Serial port connection error: could not open port 'COM7': FileNotFoundError(2, 'The system cannot find the file specified.', None, 2)
2026-07-13 23:42:38,360 [INFO] Reconnecting attempt 816 in 3 seconds...
2026-07-13 23:42:41,371 [ERROR] Serial port connection error: could not open port 'COM7': FileNotFoundError(2, 'The system cannot find the file specified.', None, 2)
2026-07-13 23:42:41,454 [INFO] Reconnecting attempt 817 in 3 seconds...
2026-07-13 23:42:44,455 [ERROR] Serial port connection error: could not open port 'COM7': FileNotFoundError(2, 'The system cannot find the file specified.', None, 2)
2026-07-13 23:42:44,472 [INFO] Reconnecting attempt 818 in 3 seconds...
2026-07-13 23:42:47,473 [ERROR] Serial port connection error: could not open port 'COM7': FileNotFoundError(2, 'The system cannot find the file specified.', None, 2)
2026-07-13 23:42:47,558 [INFO] Reconnecting attempt 819 in 3 seconds...
2026-07-13 23:42:50,559 [ERROR] Serial port connection error: could not open port 'COM7': FileNotFoundError(2, 'The system cannot find the file specified.', None, 2)
2026-07-13 23:42:50,634 [INFO] Reconnecting attempt 820 in 3 seconds...
2026-07-13 23:42:53,635 [ERROR] Serial port connection error: could not open port 'COM7': FileNotFoundError(2, 'The system cannot find the file specified.', None, 2)
2026-07-13 23:42:53,673 [INFO] Reconnecting attempt 821 in 3 seconds...
2026-07-13 23:42:56,675 [ERROR] Serial port connection error: could not open port 'COM7': FileNotFoundError(2, 'The system cannot find the file specified.', None, 2)
2026-07-13 23:42:56,714 [INFO] Reconnecting attempt 822 in 3 seconds...
2026-07-13 23:42:59,719 [ERROR] Serial port connection error: could not open port 'COM7': FileNotFoundError(2, 'The system cannot find the file specified.', None, 2)
2026-07-13 23:42:59,789 [INFO] Reconnecting attempt 823 in 3 seconds...
2026-07-13 23:43:02,790 [ERROR] Serial port connection error: could not open port 'COM7': FileNotFoundError(2, 'The system cannot find the file specified.', None, 2)
2026-07-13 23:43:02,805 [INFO] Reconnecting attempt 824 in 3 seconds...
2026-07-13 23:43:05,807 [ERROR] Serial port connection error: could not open port 'COM7': FileNotFoundError(2, 'The system cannot find the file specified.', None, 2)
2026-07-13 23:43:05,826 [INFO] Reconnecting attempt 825 in 3 seconds...
2026-07-13 23:43:08,828 [ERROR] Serial port connection error: could not open port 'COM7': FileNotFoundError(2, 'The system cannot find the file specified.', None, 2)
2026-07-13 23:43:08,858 [INFO] Reconnecting attempt 826 in 3 seconds...
2026-07-13 23:43:11,860 [ERROR] Serial port connection error: could not open port 'COM7': FileNotFoundError(2, 'The system cannot find the file specified.', None, 2)
2026-07-13 23:43:11,913 [INFO] Reconnecting attempt 827 in 3 seconds...
2026-07-13 23:43:14,915 [ERROR] Serial port connection error: could not open port 'COM7': FileNotFoundError(2, 'The system cannot find the file specified.', None, 2)
2026-07-13 23:43:14,983 [INFO] Reconnecting attempt 828 in 3 seconds...
2026-07-13 23:43:17,984 [ERROR] Serial port connection error: could not open port 'COM7': FileNotFoundError(2, 'The system cannot find the file specified.', None, 2)
2026-07-13 23:43:18,023 [INFO] Reconnecting attempt 829 in 3 seconds...
2026-07-13 23:43:21,024 [ERROR] Serial port connection error: could not open port 'COM7': FileNotFoundError(2, 'The system cannot find the file specified.', None, 2)
2026-07-13 23:43:21,039 [INFO] Reconnecting attempt 830 in 3 seconds...
2026-07-13 23:43:24,040 [ERROR] Serial port connection error: could not open port 'COM7': FileNotFoundError(2, 'The system cannot find the file specified.', None, 2)
2026-07-13 23:43:24,086 [INFO] Reconnecting attempt 831 in 3 seconds...
2026-07-13 23:43:27,088 [ERROR] Serial port connection error: could not open port 'COM7': FileNotFoundError(2, 'The system cannot find the file specified.', None, 2)
2026-07-13 23:43:27,127 [INFO] Reconnecting attempt 832 in 3 seconds...
2026-07-13 23:43:30,128 [ERROR] Serial port connection error: could not open port 'COM7': FileNotFoundError(2, 'The system cannot find the file specified.', None, 2)
2026-07-13 23:43:30,148 [INFO] Reconnecting attempt 833 in 3 seconds...
2026-07-13 23:43:33,150 [ERROR] Serial port connection error: could not open port 'COM7': FileNotFoundError(2, 'The system cannot find the file specified.', None, 2)
2026-07-13 23:43:33,213 [INFO] Reconnecting attempt 834 in 3 seconds...
2026-07-13 23:43:36,214 [ERROR] Serial port connection error: could not open port 'COM7': FileNotFoundError(2, 'The system cannot find the file specified.', None, 2)
2026-07-13 23:43:36,265 [INFO] Reconnecting attempt 835 in 3 seconds...
2026-07-13 23:43:39,266 [ERROR] Serial port connection error: could not open port 'COM7': FileNotFoundError(2, 'The system cannot find the file specified.', None, 2)
2026-07-13 23:43:39,284 [INFO] Reconnecting attempt 836 in 3 seconds...
2026-07-13 23:43:42,285 [ERROR] Serial port connection error: could not open port 'COM7': FileNotFoundError(2, 'The system cannot find the file specified.', None, 2)
2026-07-13 23:43:42,333 [INFO] Reconnecting attempt 837 in 3 seconds...
2026-07-13 23:43:45,335 [ERROR] Serial port connection error: could not open port 'COM7': FileNotFoundError(2, 'The system cannot find the file specified.', None, 2)
2026-07-13 23:43:45,404 [INFO] Reconnecting attempt 838 in 3 seconds...
2026-07-13 23:43:48,431 [ERROR] Serial port connection error: could not open port 'COM7': FileNotFoundError(2, 'The system cannot find the file specified.', None, 2)
2026-07-13 23:43:48,503 [INFO] Reconnecting attempt 839 in 3 seconds...
2026-07-13 23:43:51,504 [ERROR] Serial port connection error: could not open port 'COM7': FileNotFoundError(2, 'The system cannot find the file specified.', None, 2)
2026-07-13 23:43:51,580 [INFO] Reconnecting attempt 840 in 3 seconds...
2026-07-13 23:43:54,582 [ERROR] Serial port connection error: could not open port 'COM7': FileNotFoundError(2, 'The system cannot find the file specified.', None, 2)
2026-07-13 23:43:54,601 [INFO] Reconnecting attempt 841 in 3 seconds...
2026-07-13 23:43:57,603 [ERROR] Serial port connection error: could not open port 'COM7': FileNotFoundError(2, 'The system cannot find the file specified.', None, 2)
2026-07-13 23:43:57,620 [INFO] Reconnecting attempt 842 in 3 seconds...
2026-07-13 23:44:00,621 [ERROR] Serial port connection error: could not open port 'COM7': FileNotFoundError(2, 'The system cannot find the file specified.', None, 2)
2026-07-13 23:44:00,642 [INFO] Reconnecting attempt 843 in 3 seconds...
2026-07-13 23:44:03,644 [ERROR] Serial port connection error: could not open port 'COM7': FileNotFoundError(2, 'The system cannot find the file specified.', None, 2)
2026-07-13 23:44:03,700 [INFO] Reconnecting attempt 844 in 3 seconds...
2026-07-13 23:44:06,703 [ERROR] Serial port connection error: could not open port 'COM7': FileNotFoundError(2, 'The system cannot find the file specified.', None, 2)
2026-07-13 23:44:06,774 [INFO] Reconnecting attempt 845 in 3 seconds...
2026-07-13 23:44:09,775 [ERROR] Serial port connection error: could not open port 'COM7': FileNotFoundError(2, 'The system cannot find the file specified.', None, 2)
2026-07-13 23:44:09,844 [INFO] Reconnecting attempt 846 in 3 seconds...
2026-07-13 23:44:12,850 [ERROR] Serial port connection error: could not open port 'COM7': FileNotFoundError(2, 'The system cannot find the file specified.', None, 2)
2026-07-13 23:44:12,890 [INFO] Reconnecting attempt 847 in 3 seconds...
2026-07-13 23:44:15,892 [ERROR] Serial port connection error: could not open port 'COM7': FileNotFoundError(2, 'The system cannot find the file specified.', None, 2)
2026-07-13 23:44:15,943 [INFO] Reconnecting attempt 848 in 3 seconds...
2026-07-13 23:44:18,949 [ERROR] Serial port connection error: could not open port 'COM7': FileNotFoundError(2, 'The system cannot find the file specified.', None, 2)
2026-07-13 23:44:19,025 [INFO] Reconnecting attempt 849 in 3 seconds...
2026-07-13 23:44:22,028 [ERROR] Serial port connection error: could not open port 'COM7': FileNotFoundError(2, 'The system cannot find the file specified.', None, 2)
2026-07-13 23:44:22,087 [INFO] Reconnecting attempt 850 in 3 seconds...
2026-07-13 23:44:25,089 [ERROR] Serial port connection error: could not open port 'COM7': FileNotFoundError(2, 'The system cannot find the file specified.', None, 2)
2026-07-13 23:44:25,114 [INFO] Reconnecting attempt 851 in 3 seconds...
2026-07-13 23:44:28,115 [ERROR] Serial port connection error: could not open port 'COM7': FileNotFoundError(2, 'The system cannot find the file specified.', None, 2)
2026-07-13 23:44:28,128 [INFO] Reconnecting attempt 852 in 3 seconds...
2026-07-13 23:44:31,128 [ERROR] Serial port connection error: could not open port 'COM7': FileNotFoundError(2, 'The system cannot find the file specified.', None, 2)
2026-07-13 23:44:31,143 [INFO] Reconnecting attempt 853 in 3 seconds...
2026-07-13 23:44:34,144 [ERROR] Serial port connection error: could not open port 'COM7': FileNotFoundError(2, 'The system cannot find the file specified.', None, 2)
2026-07-13 23:44:34,182 [INFO] Reconnecting attempt 854 in 3 seconds...
2026-07-13 23:44:37,182 [ERROR] Serial port connection error: could not open port 'COM7': FileNotFoundError(2, 'The system cannot find the file specified.', None, 2)
2026-07-13 23:44:37,258 [INFO] Reconnecting attempt 855 in 3 seconds...
2026-07-13 23:44:40,259 [ERROR] Serial port connection error: could not open port 'COM7': FileNotFoundError(2, 'The system cannot find the file specified.', None, 2)
2026-07-13 23:44:40,278 [INFO] Reconnecting attempt 856 in 3 seconds...
2026-07-13 23:44:43,280 [ERROR] Serial port connection error: could not open port 'COM7': FileNotFoundError(2, 'The system cannot find the file specified.', None, 2)
2026-07-13 23:44:43,332 [INFO] Reconnecting attempt 857 in 3 seconds...
2026-07-13 23:44:46,333 [ERROR] Serial port connection error: could not open port 'COM7': FileNotFoundError(2, 'The system cannot find the file specified.', None, 2)
2026-07-13 23:44:46,359 [INFO] Reconnecting attempt 858 in 3 seconds...
2026-07-13 23:44:49,360 [ERROR] Serial port connection error: could not open port 'COM7': FileNotFoundError(2, 'The system cannot find the file specified.', None, 2)
2026-07-13 23:44:49,377 [INFO] Reconnecting attempt 859 in 3 seconds...
2026-07-13 23:44:52,379 [ERROR] Serial port connection error: could not open port 'COM7': FileNotFoundError(2, 'The system cannot find the file specified.', None, 2)
2026-07-13 23:44:52,430 [INFO] Reconnecting attempt 860 in 3 seconds...
2026-07-13 23:44:55,432 [ERROR] Serial port connection error: could not open port 'COM7': FileNotFoundError(2, 'The system cannot find the file specified.', None, 2)
2026-07-13 23:44:55,467 [INFO] Reconnecting attempt 861 in 3 seconds...
2026-07-13 23:44:58,472 [ERROR] Serial port connection error: could not open port 'COM7': FileNotFoundError(2, 'The system cannot find the file specified.', None, 2)
2026-07-13 23:44:58,504 [INFO] Reconnecting attempt 862 in 3 seconds...
2026-07-13 23:45:01,506 [ERROR] Serial port connection error: could not open port 'COM7': FileNotFoundError(2, 'The system cannot find the file specified.', None, 2)
2026-07-13 23:45:01,566 [INFO] Reconnecting attempt 863 in 3 seconds...
2026-07-13 23:45:04,567 [ERROR] Serial port connection error: could not open port 'COM7': FileNotFoundError(2, 'The system cannot find the file specified.', None, 2)
2026-07-13 23:45:04,593 [INFO] Reconnecting attempt 864 in 3 seconds...
2026-07-13 23:45:07,598 [ERROR] Serial port connection error: could not open port 'COM7': FileNotFoundError(2, 'The system cannot find the file specified.', None, 2)
2026-07-13 23:45:07,648 [INFO] Reconnecting attempt 865 in 3 seconds...
2026-07-13 23:45:10,651 [ERROR] Serial port connection error: could not open port 'COM7': FileNotFoundError(2, 'The system cannot find the file specified.', None, 2)
2026-07-13 23:45:10,677 [INFO] Reconnecting attempt 866 in 3 seconds...
2026-07-13 23:45:13,678 [ERROR] Serial port connection error: could not open port 'COM7': FileNotFoundError(2, 'The system cannot find the file specified.', None, 2)
2026-07-13 23:45:13,728 [INFO] Reconnecting attempt 867 in 3 seconds...
2026-07-13 23:45:16,729 [ERROR] Serial port connection error: could not open port 'COM7': FileNotFoundError(2, 'The system cannot find the file specified.', None, 2)
2026-07-13 23:45:16,750 [INFO] Reconnecting attempt 868 in 3 seconds...
2026-07-13 23:45:19,751 [ERROR] Serial port connection error: could not open port 'COM7': FileNotFoundError(2, 'The system cannot find the file specified.', None, 2)
2026-07-13 23:45:19,802 [INFO] Reconnecting attempt 869 in 3 seconds...
2026-07-13 23:45:22,803 [ERROR] Serial port connection error: could not open port 'COM7': FileNotFoundError(2, 'The system cannot find the file specified.', None, 2)
2026-07-13 23:45:22,861 [INFO] Reconnecting attempt 870 in 3 seconds...
2026-07-13 23:45:25,862 [ERROR] Serial port connection error: could not open port 'COM7': FileNotFoundError(2, 'The system cannot find the file specified.', None, 2)
2026-07-13 23:45:25,921 [INFO] Reconnecting attempt 871 in 3 seconds...
2026-07-13 23:45:28,922 [ERROR] Serial port connection error: could not open port 'COM7': FileNotFoundError(2, 'The system cannot find the file specified.', None, 2)
2026-07-13 23:45:28,962 [INFO] Reconnecting attempt 872 in 3 seconds...
2026-07-13 23:45:31,963 [ERROR] Serial port connection error: could not open port 'COM7': FileNotFoundError(2, 'The system cannot find the file specified.', None, 2)
2026-07-13 23:45:31,988 [INFO] Reconnecting attempt 873 in 3 seconds...
2026-07-13 23:45:34,989 [ERROR] Serial port connection error: could not open port 'COM7': FileNotFoundError(2, 'The system cannot find the file specified.', None, 2)
2026-07-13 23:45:35,006 [INFO] Reconnecting attempt 874 in 3 seconds...
2026-07-13 23:45:38,007 [ERROR] Serial port connection error: could not open port 'COM7': FileNotFoundError(2, 'The system cannot find the file specified.', None, 2)
2026-07-13 23:45:38,041 [INFO] Reconnecting attempt 875 in 3 seconds...
2026-07-13 23:45:41,042 [ERROR] Serial port connection error: could not open port 'COM7': FileNotFoundError(2, 'The system cannot find the file specified.', None, 2)
2026-07-13 23:45:41,091 [INFO] Reconnecting attempt 876 in 3 seconds...
2026-07-13 23:45:44,092 [ERROR] Serial port connection error: could not open port 'COM7': FileNotFoundError(2, 'The system cannot find the file specified.', None, 2)
2026-07-13 23:45:44,125 [INFO] Reconnecting attempt 877 in 3 seconds...
2026-07-13 23:45:47,126 [ERROR] Serial port connection error: could not open port 'COM7': FileNotFoundError(2, 'The system cannot find the file specified.', None, 2)
2026-07-13 23:45:47,159 [INFO] Reconnecting attempt 878 in 3 seconds...
2026-07-13 23:45:50,160 [ERROR] Serial port connection error: could not open port 'COM7': FileNotFoundError(2, 'The system cannot find the file specified.', None, 2)
2026-07-13 23:45:50,192 [INFO] Reconnecting attempt 879 in 3 seconds...
2026-07-13 23:45:53,193 [ERROR] Serial port connection error: could not open port 'COM7': FileNotFoundError(2, 'The system cannot find the file specified.', None, 2)
2026-07-13 23:45:53,212 [INFO] Reconnecting attempt 880 in 3 seconds...
2026-07-13 23:45:56,213 [ERROR] Serial port connection error: could not open port 'COM7': FileNotFoundError(2, 'The system cannot find the file specified.', None, 2)
2026-07-13 23:45:56,263 [INFO] Reconnecting attempt 881 in 3 seconds...
2026-07-13 23:45:59,264 [ERROR] Serial port connection error: could not open port 'COM7': FileNotFoundError(2, 'The system cannot find the file specified.', None, 2)
2026-07-13 23:45:59,294 [INFO] Reconnecting attempt 882 in 3 seconds...
2026-07-13 23:46:02,296 [ERROR] Serial port connection error: could not open port 'COM7': FileNotFoundError(2, 'The system cannot find the file specified.', None, 2)
2026-07-13 23:46:02,351 [INFO] Reconnecting attempt 883 in 3 seconds...
2026-07-13 23:46:05,353 [ERROR] Serial port connection error: could not open port 'COM7': FileNotFoundError(2, 'The system cannot find the file specified.', None, 2)
2026-07-13 23:46:05,369 [INFO] Reconnecting attempt 884 in 3 seconds...
2026-07-13 23:46:08,369 [ERROR] Serial port connection error: could not open port 'COM7': FileNotFoundError(2, 'The system cannot find the file specified.', None, 2)
2026-07-13 23:46:08,394 [INFO] Reconnecting attempt 885 in 3 seconds...
2026-07-13 23:46:11,397 [ERROR] Serial port connection error: could not open port 'COM7': FileNotFoundError(2, 'The system cannot find the file specified.', None, 2)
2026-07-13 23:46:11,443 [INFO] Reconnecting attempt 886 in 3 seconds...
2026-07-13 23:46:14,444 [ERROR] Serial port connection error: could not open port 'COM7': FileNotFoundError(2, 'The system cannot find the file specified.', None, 2)
2026-07-13 23:46:14,497 [INFO] Reconnecting attempt 887 in 3 seconds...
2026-07-13 23:46:17,498 [ERROR] Serial port connection error: could not open port 'COM7': FileNotFoundError(2, 'The system cannot find the file specified.', None, 2)
2026-07-13 23:46:17,551 [INFO] Reconnecting attempt 888 in 3 seconds...
2026-07-13 23:46:20,552 [ERROR] Serial port connection error: could not open port 'COM7': FileNotFoundError(2, 'The system cannot find the file specified.', None, 2)
2026-07-13 23:46:20,570 [INFO] Reconnecting attempt 889 in 3 seconds...
2026-07-13 23:46:23,571 [ERROR] Serial port connection error: could not open port 'COM7': FileNotFoundError(2, 'The system cannot find the file specified.', None, 2)
2026-07-13 23:46:23,619 [INFO] Reconnecting attempt 890 in 3 seconds...
2026-07-13 23:46:26,620 [ERROR] Serial port connection error: could not open port 'COM7': FileNotFoundError(2, 'The system cannot find the file specified.', None, 2)
2026-07-13 23:46:26,668 [INFO] Reconnecting attempt 891 in 3 seconds...
2026-07-13 23:46:29,673 [ERROR] Serial port connection error: could not open port 'COM7': FileNotFoundError(2, 'The system cannot find the file specified.', None, 2)
2026-07-13 23:46:29,712 [INFO] Reconnecting attempt 892 in 3 seconds...
2026-07-13 23:46:32,713 [ERROR] Serial port connection error: could not open port 'COM7': FileNotFoundError(2, 'The system cannot find the file specified.', None, 2)
2026-07-13 23:46:32,767 [INFO] Reconnecting attempt 893 in 3 seconds...
2026-07-13 23:46:35,768 [ERROR] Serial port connection error: could not open port 'COM7': FileNotFoundError(2, 'The system cannot find the file specified.', None, 2)
2026-07-13 23:46:35,826 [INFO] Reconnecting attempt 894 in 3 seconds...
2026-07-13 23:46:38,828 [ERROR] Serial port connection error: could not open port 'COM7': FileNotFoundError(2, 'The system cannot find the file specified.', None, 2)
2026-07-13 23:46:38,876 [INFO] Reconnecting attempt 895 in 3 seconds...
2026-07-13 23:46:41,878 [ERROR] Serial port connection error: could not open port 'COM7': FileNotFoundError(2, 'The system cannot find the file specified.', None, 2)
2026-07-13 23:46:41,894 [INFO] Reconnecting attempt 896 in 3 seconds...
2026-07-13 23:46:44,896 [ERROR] Serial port connection error: could not open port 'COM7': FileNotFoundError(2, 'The system cannot find the file specified.', None, 2)
2026-07-13 23:46:44,917 [INFO] Reconnecting attempt 897 in 3 seconds...
2026-07-13 23:46:47,919 [ERROR] Serial port connection error: could not open port 'COM7': FileNotFoundError(2, 'The system cannot find the file specified.', None, 2)
2026-07-13 23:46:47,970 [INFO] Reconnecting attempt 898 in 3 seconds...
2026-07-13 23:46:50,971 [ERROR] Serial port connection error: could not open port 'COM7': FileNotFoundError(2, 'The system cannot find the file specified.', None, 2)
2026-07-13 23:46:51,029 [INFO] Reconnecting attempt 899 in 3 seconds...
2026-07-13 23:46:54,030 [ERROR] Serial port connection error: could not open port 'COM7': FileNotFoundError(2, 'The system cannot find the file specified.', None, 2)
2026-07-13 23:46:54,053 [INFO] Reconnecting attempt 900 in 3 seconds...
2026-07-13 23:46:57,055 [ERROR] Serial port connection error: could not open port 'COM7': FileNotFoundError(2, 'The system cannot find the file specified.', None, 2)
2026-07-13 23:46:57,128 [INFO] Reconnecting attempt 901 in 3 seconds...
2026-07-13 23:47:00,129 [ERROR] Serial port connection error: could not open port 'COM7': FileNotFoundError(2, 'The system cannot find the file specified.', None, 2)
2026-07-13 23:47:00,174 [INFO] Reconnecting attempt 902 in 3 seconds...
2026-07-13 23:47:03,175 [ERROR] Serial port connection error: could not open port 'COM7': FileNotFoundError(2, 'The system cannot find the file specified.', None, 2)
2026-07-13 23:47:03,218 [INFO] Reconnecting attempt 903 in 3 seconds...
2026-07-13 23:47:06,219 [ERROR] Serial port connection error: could not open port 'COM7': FileNotFoundError(2, 'The system cannot find the file specified.', None, 2)
2026-07-13 23:47:06,237 [INFO] Reconnecting attempt 904 in 3 seconds...
2026-07-13 23:47:09,238 [ERROR] Serial port connection error: could not open port 'COM7': FileNotFoundError(2, 'The system cannot find the file specified.', None, 2)
2026-07-13 23:47:09,295 [INFO] Reconnecting attempt 905 in 3 seconds...
2026-07-13 23:47:12,295 [ERROR] Serial port connection error: could not open port 'COM7': FileNotFoundError(2, 'The system cannot find the file specified.', None, 2)
2026-07-13 23:47:12,328 [INFO] Reconnecting attempt 906 in 3 seconds...
2026-07-13 23:47:15,329 [ERROR] Serial port connection error: could not open port 'COM7': FileNotFoundError(2, 'The system cannot find the file specified.', None, 2)
2026-07-13 23:47:15,349 [INFO] Reconnecting attempt 907 in 3 seconds...
2026-07-13 23:47:18,350 [ERROR] Serial port connection error: could not open port 'COM7': FileNotFoundError(2, 'The system cannot find the file specified.', None, 2)
2026-07-13 23:47:18,377 [INFO] Reconnecting attempt 908 in 3 seconds...
2026-07-13 23:47:21,378 [ERROR] Serial port connection error: could not open port 'COM7': FileNotFoundError(2, 'The system cannot find the file specified.', None, 2)
2026-07-13 23:47:21,400 [INFO] Reconnecting attempt 909 in 3 seconds...
2026-07-13 23:47:24,401 [ERROR] Serial port connection error: could not open port 'COM7': FileNotFoundError(2, 'The system cannot find the file specified.', None, 2)
2026-07-13 23:47:24,447 [INFO] Reconnecting attempt 910 in 3 seconds...
2026-07-13 23:47:27,448 [ERROR] Serial port connection error: could not open port 'COM7': FileNotFoundError(2, 'The system cannot find the file specified.', None, 2)
2026-07-13 23:47:27,504 [INFO] Reconnecting attempt 911 in 3 seconds...
2026-07-13 23:47:30,506 [ERROR] Serial port connection error: could not open port 'COM7': FileNotFoundError(2, 'The system cannot find the file specified.', None, 2)
2026-07-13 23:47:30,577 [INFO] Reconnecting attempt 912 in 3 seconds...
2026-07-13 23:47:33,579 [ERROR] Serial port connection error: could not open port 'COM7': FileNotFoundError(2, 'The system cannot find the file specified.', None, 2)
2026-07-13 23:47:33,614 [INFO] Reconnecting attempt 913 in 3 seconds...
2026-07-13 23:47:36,620 [ERROR] Serial port connection error: could not open port 'COM7': FileNotFoundError(2, 'The system cannot find the file specified.', None, 2)
2026-07-13 23:47:36,658 [INFO] Reconnecting attempt 914 in 3 seconds...
2026-07-13 23:47:39,660 [ERROR] Serial port connection error: could not open port 'COM7': FileNotFoundError(2, 'The system cannot find the file specified.', None, 2)
2026-07-13 23:47:39,710 [INFO] Reconnecting attempt 915 in 3 seconds...
2026-07-13 23:47:42,710 [ERROR] Serial port connection error: could not open port 'COM7': FileNotFoundError(2, 'The system cannot find the file specified.', None, 2)
2026-07-13 23:47:42,772 [INFO] Reconnecting attempt 916 in 3 seconds...
2026-07-13 23:47:45,773 [ERROR] Serial port connection error: could not open port 'COM7': FileNotFoundError(2, 'The system cannot find the file specified.', None, 2)
2026-07-13 23:47:45,793 [INFO] Reconnecting attempt 917 in 3 seconds...
2026-07-13 23:47:48,797 [ERROR] Serial port connection error: could not open port 'COM7': FileNotFoundError(2, 'The system cannot find the file specified.', None, 2)
2026-07-13 23:47:48,833 [INFO] Reconnecting attempt 918 in 3 seconds...
2026-07-13 23:47:51,834 [ERROR] Serial port connection error: could not open port 'COM7': FileNotFoundError(2, 'The system cannot find the file specified.', None, 2)
2026-07-13 23:47:51,852 [INFO] Reconnecting attempt 919 in 3 seconds...
2026-07-13 23:47:54,853 [ERROR] Serial port connection error: could not open port 'COM7': FileNotFoundError(2, 'The system cannot find the file specified.', None, 2)
2026-07-13 23:47:54,872 [INFO] Reconnecting attempt 920 in 3 seconds...
2026-07-13 23:47:57,873 [ERROR] Serial port connection error: could not open port 'COM7': FileNotFoundError(2, 'The system cannot find the file specified.', None, 2)
2026-07-13 23:47:57,888 [INFO] Reconnecting attempt 921 in 3 seconds...
2026-07-13 23:48:00,889 [ERROR] Serial port connection error: could not open port 'COM7': FileNotFoundError(2, 'The system cannot find the file specified.', None, 2)
2026-07-13 23:48:00,925 [INFO] Reconnecting attempt 922 in 3 seconds...
2026-07-13 23:48:03,926 [ERROR] Serial port connection error: could not open port 'COM7': FileNotFoundError(2, 'The system cannot find the file specified.', None, 2)
2026-07-13 23:48:03,943 [INFO] Reconnecting attempt 923 in 3 seconds...
2026-07-13 23:48:06,944 [ERROR] Serial port connection error: could not open port 'COM7': FileNotFoundError(2, 'The system cannot find the file specified.', None, 2)
2026-07-13 23:48:06,964 [INFO] Reconnecting attempt 924 in 3 seconds...
2026-07-13 23:48:09,968 [ERROR] Serial port connection error: could not open port 'COM7': FileNotFoundError(2, 'The system cannot find the file specified.', None, 2)
2026-07-13 23:48:10,047 [INFO] Reconnecting attempt 925 in 3 seconds...
2026-07-13 23:48:13,049 [ERROR] Serial port connection error: could not open port 'COM7': FileNotFoundError(2, 'The system cannot find the file specified.', None, 2)
2026-07-13 23:48:13,101 [INFO] Reconnecting attempt 926 in 3 seconds...
2026-07-13 23:48:16,101 [ERROR] Serial port connection error: could not open port 'COM7': FileNotFoundError(2, 'The system cannot find the file specified.', None, 2)
2026-07-13 23:48:16,137 [INFO] Reconnecting attempt 927 in 3 seconds...
2026-07-13 23:48:19,138 [ERROR] Serial port connection error: could not open port 'COM7': FileNotFoundError(2, 'The system cannot find the file specified.', None, 2)
2026-07-13 23:48:19,198 [INFO] Reconnecting attempt 928 in 3 seconds...
2026-07-13 23:48:22,200 [ERROR] Serial port connection error: could not open port 'COM7': FileNotFoundError(2, 'The system cannot find the file specified.', None, 2)
2026-07-13 23:48:22,218 [INFO] Reconnecting attempt 929 in 3 seconds...
2026-07-13 23:48:25,220 [ERROR] Serial port connection error: could not open port 'COM7': FileNotFoundError(2, 'The system cannot find the file specified.', None, 2)
2026-07-13 23:48:25,246 [INFO] Reconnecting attempt 930 in 3 seconds...
2026-07-13 23:48:28,247 [ERROR] Serial port connection error: could not open port 'COM7': FileNotFoundError(2, 'The system cannot find the file specified.', None, 2)
2026-07-13 23:48:28,263 [INFO] Reconnecting attempt 931 in 3 seconds...
2026-07-13 23:48:31,265 [ERROR] Serial port connection error: could not open port 'COM7': FileNotFoundError(2, 'The system cannot find the file specified.', None, 2)
2026-07-13 23:48:31,335 [INFO] Reconnecting attempt 932 in 3 seconds...
2026-07-13 23:48:34,336 [ERROR] Serial port connection error: could not open port 'COM7': FileNotFoundError(2, 'The system cannot find the file specified.', None, 2)
2026-07-13 23:48:34,402 [INFO] Reconnecting attempt 933 in 3 seconds...
2026-07-13 23:48:37,403 [ERROR] Serial port connection error: could not open port 'COM7': FileNotFoundError(2, 'The system cannot find the file specified.', None, 2)
2026-07-13 23:48:37,435 [INFO] Reconnecting attempt 934 in 3 seconds...
2026-07-13 23:48:40,436 [ERROR] Serial port connection error: could not open port 'COM7': FileNotFoundError(2, 'The system cannot find the file specified.', None, 2)
2026-07-13 23:48:40,461 [INFO] Reconnecting attempt 935 in 3 seconds...
2026-07-13 23:48:43,462 [ERROR] Serial port connection error: could not open port 'COM7': FileNotFoundError(2, 'The system cannot find the file specified.', None, 2)
2026-07-13 23:48:43,531 [INFO] Reconnecting attempt 936 in 3 seconds...
2026-07-13 23:48:46,532 [ERROR] Serial port connection error: could not open port 'COM7': FileNotFoundError(2, 'The system cannot find the file specified.', None, 2)
2026-07-13 23:48:46,606 [INFO] Reconnecting attempt 937 in 3 seconds...
2026-07-13 23:48:49,608 [ERROR] Serial port connection error: could not open port 'COM7': FileNotFoundError(2, 'The system cannot find the file specified.', None, 2)
2026-07-13 23:48:49,648 [INFO] Reconnecting attempt 938 in 3 seconds...
2026-07-13 23:48:52,649 [ERROR] Serial port connection error: could not open port 'COM7': FileNotFoundError(2, 'The system cannot find the file specified.', None, 2)
2026-07-13 23:48:52,729 [INFO] Reconnecting attempt 939 in 3 seconds...
2026-07-13 23:48:55,731 [ERROR] Serial port connection error: could not open port 'COM7': FileNotFoundError(2, 'The system cannot find the file specified.', None, 2)
2026-07-13 23:48:55,790 [INFO] Reconnecting attempt 940 in 3 seconds...
2026-07-13 23:48:58,791 [ERROR] Serial port connection error: could not open port 'COM7': FileNotFoundError(2, 'The system cannot find the file specified.', None, 2)
2026-07-13 23:48:58,819 [INFO] Reconnecting attempt 941 in 3 seconds...
2026-07-13 23:49:01,820 [ERROR] Serial port connection error: could not open port 'COM7': FileNotFoundError(2, 'The system cannot find the file specified.', None, 2)
2026-07-13 23:49:01,874 [INFO] Reconnecting attempt 942 in 3 seconds...
2026-07-13 23:49:04,875 [ERROR] Serial port connection error: could not open port 'COM7': FileNotFoundError(2, 'The system cannot find the file specified.', None, 2)
2026-07-13 23:49:04,901 [INFO] Reconnecting attempt 943 in 3 seconds...
2026-07-13 23:49:07,902 [ERROR] Serial port connection error: could not open port 'COM7': FileNotFoundError(2, 'The system cannot find the file specified.', None, 2)
2026-07-13 23:49:07,928 [INFO] Reconnecting attempt 944 in 3 seconds...
2026-07-13 23:49:10,929 [ERROR] Serial port connection error: could not open port 'COM7': FileNotFoundError(2, 'The system cannot find the file specified.', None, 2)
2026-07-13 23:49:10,964 [INFO] Reconnecting attempt 945 in 3 seconds...
2026-07-13 23:49:13,964 [ERROR] Serial port connection error: could not open port 'COM7': FileNotFoundError(2, 'The system cannot find the file specified.', None, 2)
2026-07-13 23:49:13,986 [INFO] Reconnecting attempt 946 in 3 seconds...
2026-07-13 23:49:16,987 [ERROR] Serial port connection error: could not open port 'COM7': FileNotFoundError(2, 'The system cannot find the file specified.', None, 2)
2026-07-13 23:49:17,019 [INFO] Reconnecting attempt 947 in 3 seconds...
2026-07-13 23:49:20,020 [ERROR] Serial port connection error: could not open port 'COM7': FileNotFoundError(2, 'The system cannot find the file specified.', None, 2)
2026-07-13 23:49:20,134 [INFO] Reconnecting attempt 948 in 3 seconds...
2026-07-13 23:49:23,135 [ERROR] Serial port connection error: could not open port 'COM7': FileNotFoundError(2, 'The system cannot find the file specified.', None, 2)
2026-07-13 23:49:23,155 [INFO] Reconnecting attempt 949 in 3 seconds...
2026-07-13 23:49:26,156 [ERROR] Serial port connection error: could not open port 'COM7': FileNotFoundError(2, 'The system cannot find the file specified.', None, 2)
2026-07-13 23:49:26,185 [INFO] Reconnecting attempt 950 in 3 seconds...
2026-07-13 23:49:29,185 [ERROR] Serial port connection error: could not open port 'COM7': FileNotFoundError(2, 'The system cannot find the file specified.', None, 2)
2026-07-13 23:49:29,217 [INFO] Reconnecting attempt 951 in 3 seconds...
2026-07-13 23:49:32,218 [ERROR] Serial port connection error: could not open port 'COM7': FileNotFoundError(2, 'The system cannot find the file specified.', None, 2)
2026-07-13 23:49:32,269 [INFO] Reconnecting attempt 952 in 3 seconds...
2026-07-13 23:49:35,270 [ERROR] Serial port connection error: could not open port 'COM7': FileNotFoundError(2, 'The system cannot find the file specified.', None, 2)
2026-07-13 23:49:35,347 [INFO] Reconnecting attempt 953 in 3 seconds...
2026-07-13 23:49:38,347 [ERROR] Serial port connection error: could not open port 'COM7': FileNotFoundError(2, 'The system cannot find the file specified.', None, 2)
2026-07-13 23:49:38,409 [INFO] Reconnecting attempt 954 in 3 seconds...
2026-07-13 23:49:41,410 [ERROR] Serial port connection error: could not open port 'COM7': FileNotFoundError(2, 'The system cannot find the file specified.', None, 2)
2026-07-13 23:49:41,496 [INFO] Reconnecting attempt 955 in 3 seconds...
2026-07-13 23:49:44,497 [ERROR] Serial port connection error: could not open port 'COM7': FileNotFoundError(2, 'The system cannot find the file specified.', None, 2)
2026-07-13 23:49:44,555 [INFO] Reconnecting attempt 956 in 3 seconds...
2026-07-13 23:49:47,556 [ERROR] Serial port connection error: could not open port 'COM7': FileNotFoundError(2, 'The system cannot find the file specified.', None, 2)
2026-07-13 23:49:47,628 [INFO] Reconnecting attempt 957 in 3 seconds...
2026-07-13 23:49:50,629 [ERROR] Serial port connection error: could not open port 'COM7': FileNotFoundError(2, 'The system cannot find the file specified.', None, 2)
2026-07-13 23:49:50,954 [INFO] Reconnecting attempt 958 in 3 seconds...
2026-07-13 23:49:53,956 [ERROR] Serial port connection error: could not open port 'COM7': FileNotFoundError(2, 'The system cannot find the file specified.', None, 2)
2026-07-13 23:49:54,139 [INFO] Reconnecting attempt 959 in 3 seconds...
2026-07-13 23:49:57,140 [ERROR] Serial port connection error: could not open port 'COM7': FileNotFoundError(2, 'The system cannot find the file specified.', None, 2)
2026-07-13 23:49:57,349 [INFO] Reconnecting attempt 960 in 3 seconds...
2026-07-13 23:50:00,350 [ERROR] Serial port connection error: could not open port 'COM7': FileNotFoundError(2, 'The system cannot find the file specified.', None, 2)
2026-07-13 23:50:00,404 [INFO] Reconnecting attempt 961 in 3 seconds...
2026-07-13 23:50:03,404 [ERROR] Serial port connection error: could not open port 'COM7': FileNotFoundError(2, 'The system cannot find the file specified.', None, 2)
2026-07-13 23:50:03,441 [INFO] Reconnecting attempt 962 in 3 seconds...
2026-07-13 23:50:06,442 [ERROR] Serial port connection error: could not open port 'COM7': FileNotFoundError(2, 'The system cannot find the file specified.', None, 2)
2026-07-13 23:50:06,529 [INFO] Reconnecting attempt 963 in 3 seconds...
2026-07-13 23:50:09,530 [ERROR] Serial port connection error: could not open port 'COM7': FileNotFoundError(2, 'The system cannot find the file specified.', None, 2)
2026-07-13 23:50:09,561 [INFO] Reconnecting attempt 964 in 3 seconds...
2026-07-13 23:50:12,562 [ERROR] Serial port connection error: could not open port 'COM7': FileNotFoundError(2, 'The system cannot find the file specified.', None, 2)
2026-07-13 23:50:12,589 [INFO] Reconnecting attempt 965 in 3 seconds...
2026-07-13 23:50:15,590 [ERROR] Serial port connection error: could not open port 'COM7': FileNotFoundError(2, 'The system cannot find the file specified.', None, 2)
2026-07-13 23:50:15,661 [INFO] Reconnecting attempt 966 in 3 seconds...
2026-07-13 23:50:18,662 [ERROR] Serial port connection error: could not open port 'COM7': FileNotFoundError(2, 'The system cannot find the file specified.', None, 2)
2026-07-13 23:50:18,727 [INFO] Reconnecting attempt 967 in 3 seconds...
2026-07-13 23:50:21,731 [ERROR] Serial port connection error: could not open port 'COM7': FileNotFoundError(2, 'The system cannot find the file specified.', None, 2)
2026-07-13 23:50:21,765 [INFO] Reconnecting attempt 968 in 3 seconds...
2026-07-13 23:50:24,767 [ERROR] Serial port connection error: could not open port 'COM7': FileNotFoundError(2, 'The system cannot find the file specified.', None, 2)
2026-07-13 23:50:24,819 [INFO] Reconnecting attempt 969 in 3 seconds...
2026-07-13 23:50:27,820 [ERROR] Serial port connection error: could not open port 'COM7': FileNotFoundError(2, 'The system cannot find the file specified.', None, 2)
2026-07-13 23:50:27,862 [INFO] Reconnecting attempt 970 in 3 seconds...
2026-07-13 23:50:30,862 [ERROR] Serial port connection error: could not open port 'COM7': FileNotFoundError(2, 'The system cannot find the file specified.', None, 2)
2026-07-13 23:50:30,886 [INFO] Reconnecting attempt 971 in 3 seconds...
2026-07-13 23:50:33,888 [ERROR] Serial port connection error: could not open port 'COM7': FileNotFoundError(2, 'The system cannot find the file specified.', None, 2)
2026-07-13 23:50:33,928 [INFO] Reconnecting attempt 972 in 3 seconds...
2026-07-13 23:50:36,929 [ERROR] Serial port connection error: could not open port 'COM7': FileNotFoundError(2, 'The system cannot find the file specified.', None, 2)
2026-07-13 23:50:36,988 [INFO] Reconnecting attempt 973 in 3 seconds...
2026-07-13 23:50:39,988 [ERROR] Serial port connection error: could not open port 'COM7': FileNotFoundError(2, 'The system cannot find the file specified.', None, 2)
2026-07-13 23:50:39,999 [INFO] Reconnecting attempt 974 in 3 seconds...
2026-07-13 23:50:43,000 [ERROR] Serial port connection error: could not open port 'COM7': FileNotFoundError(2, 'The system cannot find the file specified.', None, 2)
2026-07-13 23:50:43,049 [INFO] Reconnecting attempt 975 in 3 seconds...
2026-07-13 23:50:46,050 [ERROR] Serial port connection error: could not open port 'COM7': FileNotFoundError(2, 'The system cannot find the file specified.', None, 2)
2026-07-13 23:50:46,101 [INFO] Reconnecting attempt 976 in 3 seconds...
2026-07-13 23:50:49,102 [ERROR] Serial port connection error: could not open port 'COM7': FileNotFoundError(2, 'The system cannot find the file specified.', None, 2)
2026-07-13 23:50:49,205 [INFO] Reconnecting attempt 977 in 3 seconds...
2026-07-13 23:50:52,206 [ERROR] Serial port connection error: could not open port 'COM7': FileNotFoundError(2, 'The system cannot find the file specified.', None, 2)
2026-07-13 23:50:52,293 [INFO] Reconnecting attempt 978 in 3 seconds...
2026-07-13 23:50:55,295 [ERROR] Serial port connection error: could not open port 'COM7': FileNotFoundError(2, 'The system cannot find the file specified.', None, 2)
2026-07-14 11:21:53,944 [INFO] Application starting...
2026-07-14 11:21:53,945 [INFO] Settings loaded successfully.
2026-07-14 11:26:34,437 [INFO] Application starting...
2026-07-14 11:26:34,438 [INFO] Settings loaded successfully.
2026-07-14 11:30:12,513 [INFO] Application starting...
2026-07-14 11:30:12,513 [INFO] Settings loaded successfully.
2026-07-14 11:30:16,231 [INFO] Auto-connecting to last device: MOCK_DEMO @ 9600
2026-07-14 11:30:16,231 [ERROR] Error in mock serial generation loop: name 'math' is not defined
2026-07-14 11:30:16,234 [INFO] Connected to MOCK_DEMO serial simulation.
2026-07-14 11:30:17,232 [ERROR] Error in mock serial generation loop: name 'math' is not defined
2026-07-14 11:30:18,233 [ERROR] Error in mock serial generation loop: name 'math' is not defined
2026-07-14 11:30:19,234 [ERROR] Error in mock serial generation loop: name 'math' is not defined
2026-07-14 11:30:20,234 [ERROR] Error in mock serial generation loop: name 'math' is not defined
2026-07-14 11:30:21,235 [ERROR] Error in mock serial generation loop: name 'math' is not defined
2026-07-14 11:30:22,235 [ERROR] Error in mock serial generation loop: name 'math' is not defined
2026-07-14 11:30:23,236 [ERROR] Error in mock serial generation loop: name 'math' is not defined
2026-07-14 11:30:24,237 [ERROR] Error in mock serial generation loop: name 'math' is not defined
2026-07-14 11:30:25,237 [ERROR] Error in mock serial generation loop: name 'math' is not defined
2026-07-14 11:30:26,238 [ERROR] Error in mock serial generation loop: name 'math' is not defined
2026-07-14 11:30:27,239 [ERROR] Error in mock serial generation loop: name 'math' is not defined
2026-07-14 11:30:28,240 [ERROR] Error in mock serial generation loop: name 'math' is not defined
2026-07-14 11:30:29,241 [ERROR] Error in mock serial generation loop: name 'math' is not defined
2026-07-14 11:30:30,242 [ERROR] Error in mock serial generation loop: name 'math' is not defined
2026-07-14 11:30:31,243 [ERROR] Error in mock serial generation loop: name 'math' is not defined
2026-07-14 11:30:32,244 [ERROR] Error in mock serial generation loop: name 'math' is not defined
2026-07-14 11:30:33,245 [ERROR] Error in mock serial generation loop: name 'math' is not defined
2026-07-14 11:30:34,245 [ERROR] Error in mock serial generation loop: name 'math' is not defined
2026-07-14 11:30:35,246 [ERROR] Error in mock serial generation loop: name 'math' is not defined
2026-07-14 11:30:36,247 [ERROR] Error in mock serial generation loop: name 'math' is not defined
2026-07-14 11:30:37,248 [ERROR] Error in mock serial generation loop: name 'math' is not defined
2026-07-14 11:30:38,249 [ERROR] Error in mock serial generation loop: name 'math' is not defined
2026-07-14 11:30:39,250 [ERROR] Error in mock serial generation loop: name 'math' is not defined
2026-07-14 11:30:40,251 [ERROR] Error in mock serial generation loop: name 'math' is not defined
2026-07-14 11:30:41,252 [ERROR] Error in mock serial generation loop: name 'math' is not defined
2026-07-14 11:30:42,253 [ERROR] Error in mock serial generation loop: name 'math' is not defined
2026-07-14 11:30:43,254 [ERROR] Error in mock serial generation loop: name 'math' is not defined
2026-07-14 11:30:44,255 [ERROR] Error in mock serial generation loop: name 'math' is not defined
2026-07-14 11:30:45,256 [ERROR] Error in mock serial generation loop: name 'math' is not defined
2026-07-14 11:30:46,256 [ERROR] Error in mock serial generation loop: name 'math' is not defined
2026-07-14 11:30:47,257 [ERROR] Error in mock serial generation loop: name 'math' is not defined
2026-07-14 11:30:48,258 [ERROR] Error in mock serial generation loop: name 'math' is not defined
2026-07-14 11:30:49,260 [ERROR] Error in mock serial generation loop: name 'math' is not defined
2026-07-14 11:30:50,260 [ERROR] Error in mock serial generation loop: name 'math' is not defined
2026-07-14 11:30:51,261 [ERROR] Error in mock serial generation loop: name 'math' is not defined
2026-07-14 11:30:52,262 [ERROR] Error in mock serial generation loop: name 'math' is not defined
2026-07-14 11:30:53,262 [ERROR] Error in mock serial generation loop: name 'math' is not defined
2026-07-14 11:30:54,263 [ERROR] Error in mock serial generation loop: name 'math' is not defined
2026-07-14 11:30:55,263 [ERROR] Error in mock serial generation loop: name 'math' is not defined
2026-07-14 11:30:56,264 [ERROR] Error in mock serial generation loop: name 'math' is not defined
2026-07-14 11:30:57,264 [ERROR] Error in mock serial generation loop: name 'math' is not defined
2026-07-14 11:30:58,265 [ERROR] Error in mock serial generation loop: name 'math' is not defined
2026-07-14 11:30:59,266 [ERROR] Error in mock serial generation loop: name 'math' is not defined
2026-07-14 11:31:00,267 [ERROR] Error in mock serial generation loop: name 'math' is not defined
2026-07-14 11:31:01,268 [ERROR] Error in mock serial generation loop: name 'math' is not defined
2026-07-14 11:31:02,269 [ERROR] Error in mock serial generation loop: name 'math' is not defined
2026-07-14 11:31:03,269 [ERROR] Error in mock serial generation loop: name 'math' is not defined
2026-07-14 11:31:04,270 [ERROR] Error in mock serial generation loop: name 'math' is not defined
2026-07-14 11:31:05,271 [ERROR] Error in mock serial generation loop: name 'math' is not defined
2026-07-14 11:31:06,272 [ERROR] Error in mock serial generation loop: name 'math' is not defined
2026-07-14 11:31:07,273 [ERROR] Error in mock serial generation loop: name 'math' is not defined
2026-07-14 11:31:08,274 [ERROR] Error in mock serial generation loop: name 'math' is not defined
2026-07-14 11:31:09,275 [ERROR] Error in mock serial generation loop: name 'math' is not defined
2026-07-14 11:31:10,276 [ERROR] Error in mock serial generation loop: name 'math' is not defined
2026-07-14 11:31:11,277 [ERROR] Error in mock serial generation loop: name 'math' is not defined
2026-07-14 11:31:12,278 [ERROR] Error in mock serial generation loop: name 'math' is not defined
2026-07-14 11:31:13,279 [ERROR] Error in mock serial generation loop: name 'math' is not defined
2026-07-14 11:31:14,280 [ERROR] Error in mock serial generation loop: name 'math' is not defined
2026-07-14 11:31:15,281 [ERROR] Error in mock serial generation loop: name 'math' is not defined
2026-07-14 11:31:16,282 [ERROR] Error in mock serial generation loop: name 'math' is not defined
2026-07-14 11:31:17,283 [ERROR] Error in mock serial generation loop: name 'math' is not defined
2026-07-14 11:31:18,284 [ERROR] Error in mock serial generation loop: name 'math' is not defined
2026-07-14 11:31:19,286 [ERROR] Error in mock serial generation loop: name 'math' is not defined
2026-07-14 11:31:20,287 [ERROR] Error in mock serial generation loop: name 'math' is not defined
2026-07-14 11:31:21,288 [ERROR] Error in mock serial generation loop: name 'math' is not defined
2026-07-14 11:31:22,289 [ERROR] Error in mock serial generation loop: name 'math' is not defined
2026-07-14 11:31:23,291 [ERROR] Error in mock serial generation loop: name 'math' is not defined
2026-07-14 11:31:24,293 [ERROR] Error in mock serial generation loop: name 'math' is not defined
2026-07-14 11:31:25,294 [ERROR] Error in mock serial generation loop: name 'math' is not defined
2026-07-14 11:31:26,294 [ERROR] Error in mock serial generation loop: name 'math' is not defined
2026-07-14 11:31:27,295 [ERROR] Error in mock serial generation loop: name 'math' is not defined
2026-07-14 11:31:28,296 [ERROR] Error in mock serial generation loop: name 'math' is not defined
2026-07-14 11:31:29,297 [ERROR] Error in mock serial generation loop: name 'math' is not defined
2026-07-14 11:31:30,298 [ERROR] Error in mock serial generation loop: name 'math' is not defined
2026-07-14 11:31:31,298 [ERROR] Error in mock serial generation loop: name 'math' is not defined
2026-07-14 11:31:32,299 [ERROR] Error in mock serial generation loop: name 'math' is not defined
2026-07-14 11:31:33,300 [ERROR] Error in mock serial generation loop: name 'math' is not defined
2026-07-14 11:31:34,301 [ERROR] Error in mock serial generation loop: name 'math' is not defined
2026-07-14 11:31:35,301 [ERROR] Error in mock serial generation loop: name 'math' is not defined
2026-07-14 11:31:36,302 [ERROR] Error in mock serial generation loop: name 'math' is not defined
2026-07-14 11:31:37,303 [ERROR] Error in mock serial generation loop: name 'math' is not defined
2026-07-14 11:31:38,304 [ERROR] Error in mock serial generation loop: name 'math' is not defined
2026-07-14 11:31:39,304 [ERROR] Error in mock serial generation loop: name 'math' is not defined
2026-07-14 11:31:40,305 [ERROR] Error in mock serial generation loop: name 'math' is not defined
2026-07-14 11:31:41,306 [ERROR] Error in mock serial generation loop: name 'math' is not defined
2026-07-14 11:31:42,308 [ERROR] Error in mock serial generation loop: name 'math' is not defined
2026-07-14 11:31:43,308 [ERROR] Error in mock serial generation loop: name 'math' is not defined
2026-07-14 11:31:44,309 [ERROR] Error in mock serial generation loop: name 'math' is not defined
2026-07-14 11:31:45,310 [ERROR] Error in mock serial generation loop: name 'math' is not defined
2026-07-14 11:31:46,310 [ERROR] Error in mock serial generation loop: name 'math' is not defined
2026-07-14 11:31:47,311 [ERROR] Error in mock serial generation loop: name 'math' is not defined
2026-07-14 11:31:48,312 [ERROR] Error in mock serial generation loop: name 'math' is not defined
2026-07-14 11:31:49,313 [ERROR] Error in mock serial generation loop: name 'math' is not defined
2026-07-14 11:31:50,313 [ERROR] Error in mock serial generation loop: name 'math' is not defined
2026-07-14 11:31:51,314 [ERROR] Error in mock serial generation loop: name 'math' is not defined
2026-07-14 11:31:52,315 [ERROR] Error in mock serial generation loop: name 'math' is not defined
2026-07-14 11:31:53,315 [ERROR] Error in mock serial generation loop: name 'math' is not defined
2026-07-14 11:31:54,316 [ERROR] Error in mock serial generation loop: name 'math' is not defined
2026-07-14 11:39:14,343 [INFO] Settings saved successfully.
2026-07-14 11:39:14,344 [INFO] Settings saved successfully.
2026-07-14 11:39:14,345 [INFO] Settings saved successfully.
2026-07-14 11:39:14,388 [ERROR] Serial port connection error: could not open port 'COM9': PermissionError(13, 'Access is denied.', None, 5)
2026-07-14 11:39:14,405 [INFO] Reconnecting attempt 1 in 3 seconds...
2026-07-14 11:39:17,406 [ERROR] Serial port connection error: could not open port 'COM9': PermissionError(13, 'Access is denied.', None, 5)
2026-07-14 11:39:17,503 [INFO] Reconnecting attempt 2 in 3 seconds...
2026-07-14 11:42:57,679 [INFO] Disconnected from serial port.
2026-07-14 11:49:48,658 [INFO] Application starting...
2026-07-14 11:49:48,658 [INFO] Settings loaded successfully.
2026-07-14 11:58:31,850 [INFO] Application starting...
2026-07-14 11:58:31,851 [INFO] Settings loaded successfully.
2026-07-14 11:58:37,706 [INFO] Settings saved successfully.
2026-07-14 11:58:37,707 [INFO] Settings saved successfully.
2026-07-14 11:58:37,708 [INFO] Settings saved successfully.
2026-07-14 11:59:09,857 [INFO] Sensor data logging started. Session file: exports/sensor_log_20260714_115909.csv
2026-07-14 11:59:13,799 [INFO] Sensor data logging stopped.
2026-07-14 12:02:01,897 [INFO] Disconnected from serial port.
2026-07-14 14:29:08,547 [INFO] Application starting...
2026-07-14 14:29:08,548 [INFO] Settings loaded successfully.
2026-07-14 14:29:11,953 [INFO] Auto-connecting to last device: COM9 @ 9600
2026-07-14 14:31:19,167 [INFO] Application starting...
2026-07-14 14:31:19,168 [INFO] Settings loaded successfully.
2026-07-14 14:31:22,259 [INFO] Auto-connecting to last device: COM9 @ 9600
2026-07-14 14:31:22,310 [ERROR] Serial port connection error: could not open port 'COM9': PermissionError(13, 'Access is denied.', None, 5)
2026-07-14 14:31:22,310 [INFO] Reconnecting attempt 1 in 3 seconds...
2026-07-14 14:31:25,311 [ERROR] Serial port connection error: could not open port 'COM9': PermissionError(13, 'Access is denied.', None, 5)
2026-07-14 14:31:25,313 [INFO] Reconnecting attempt 2 in 3 seconds...
2026-07-14 14:31:28,315 [ERROR] Serial port connection error: could not open port 'COM9': PermissionError(13, 'Access is denied.', None, 5)
2026-07-14 14:31:28,320 [INFO] Reconnecting attempt 3 in 3 seconds...
2026-07-14 14:31:31,324 [ERROR] Serial port connection error: could not open port 'COM9': PermissionError(13, 'Access is denied.', None, 5)
2026-07-14 14:31:31,324 [INFO] Reconnecting attempt 4 in 3 seconds...
2026-07-14 14:31:34,325 [ERROR] Serial port connection error: could not open port 'COM9': PermissionError(13, 'Access is denied.', None, 5)
2026-07-14 14:31:34,325 [INFO] Reconnecting attempt 5 in 3 seconds...
2026-07-14 14:31:37,326 [ERROR] Serial port connection error: could not open port 'COM9': PermissionError(13, 'Access is denied.', None, 5)
2026-07-14 14:31:37,326 [INFO] Reconnecting attempt 6 in 3 seconds...
2026-07-14 14:31:40,327 [ERROR] Serial port connection error: could not open port 'COM9': PermissionError(13, 'Access is denied.', None, 5)
2026-07-14 14:31:40,328 [INFO] Reconnecting attempt 7 in 3 seconds...
2026-07-14 14:31:43,329 [ERROR] Serial port connection error: could not open port 'COM9': PermissionError(13, 'Access is denied.', None, 5)
2026-07-14 14:31:43,329 [INFO] Reconnecting attempt 8 in 3 seconds...
2026-07-14 14:31:46,250 [ERROR] Serial port connection error: ClearCommError failed (PermissionError(13, 'The device does not recognize the command.', None, 22))
2026-07-14 14:31:46,332 [INFO] Disconnected from serial port.
2026-07-14 14:31:50,899 [INFO] Settings saved successfully.
2026-07-14 14:31:50,900 [INFO] Settings saved successfully.
2026-07-14 14:31:50,901 [INFO] Settings saved successfully.
2026-07-14 14:36:05,632 [INFO] Application starting...
2026-07-14 14:36:05,633 [INFO] Settings loaded successfully.
2026-07-14 14:36:08,856 [INFO] Auto-connecting to last device: COM9 @ 115200
2026-07-14 14:36:08,918 [ERROR] Serial port connection error: could not open port 'COM9': PermissionError(13, 'Access is denied.', None, 5)
2026-07-14 14:36:08,918 [INFO] Reconnecting attempt 1 in 3 seconds...
2026-07-14 14:36:11,919 [ERROR] Serial port connection error: could not open port 'COM9': PermissionError(13, 'Access is denied.', None, 5)
2026-07-14 14:36:11,919 [INFO] Reconnecting attempt 2 in 3 seconds...
2026-07-14 14:36:14,920 [ERROR] Serial port connection error: could not open port 'COM9': PermissionError(13, 'Access is denied.', None, 5)
2026-07-14 14:36:14,920 [INFO] Reconnecting attempt 3 in 3 seconds...
2026-07-14 14:36:17,921 [ERROR] Serial port connection error: could not open port 'COM9': PermissionError(13, 'Access is denied.', None, 5)
2026-07-14 14:36:17,921 [INFO] Reconnecting attempt 4 in 3 seconds...
2026-07-14 14:36:20,922 [ERROR] Serial port connection error: could not open port 'COM9': PermissionError(13, 'Access is denied.', None, 5)
2026-07-14 14:36:20,922 [INFO] Reconnecting attempt 5 in 3 seconds...
2026-07-14 14:36:23,923 [ERROR] Serial port connection error: could not open port 'COM9': PermissionError(13, 'Access is denied.', None, 5)
2026-07-14 14:36:23,924 [INFO] Reconnecting attempt 6 in 3 seconds...
2026-07-14 14:36:26,924 [ERROR] Serial port connection error: could not open port 'COM9': PermissionError(13, 'Access is denied.', None, 5)
2026-07-14 14:36:26,925 [INFO] Reconnecting attempt 7 in 3 seconds...
2026-07-14 14:36:29,926 [ERROR] Serial port connection error: could not open port 'COM9': PermissionError(13, 'Access is denied.', None, 5)
2026-07-14 14:36:29,926 [INFO] Reconnecting attempt 8 in 3 seconds...
2026-07-14 14:36:32,927 [ERROR] Serial port connection error: could not open port 'COM9': PermissionError(13, 'Access is denied.', None, 5)
2026-07-14 14:36:32,927 [INFO] Reconnecting attempt 9 in 3 seconds...
2026-07-14 14:36:35,928 [ERROR] Serial port connection error: could not open port 'COM9': PermissionError(13, 'Access is denied.', None, 5)
2026-07-14 14:36:35,928 [INFO] Reconnecting attempt 10 in 3 seconds...
2026-07-14 14:36:38,928 [ERROR] Serial port connection error: could not open port 'COM9': PermissionError(13, 'Access is denied.', None, 5)
2026-07-14 14:36:38,928 [INFO] Reconnecting attempt 11 in 3 seconds...
2026-07-14 14:36:41,929 [ERROR] Serial port connection error: could not open port 'COM9': PermissionError(13, 'Access is denied.', None, 5)
2026-07-14 14:36:41,930 [INFO] Reconnecting attempt 12 in 3 seconds...
2026-07-14 14:36:44,931 [ERROR] Serial port connection error: could not open port 'COM9': PermissionError(13, 'Access is denied.', None, 5)
2026-07-14 14:36:44,931 [INFO] Reconnecting attempt 13 in 3 seconds...
2026-07-14 14:36:47,932 [ERROR] Serial port connection error: could not open port 'COM9': PermissionError(13, 'Access is denied.', None, 5)
2026-07-14 14:36:47,932 [INFO] Reconnecting attempt 14 in 3 seconds...
2026-07-14 14:37:08,970 [INFO] Application starting...
2026-07-14 14:37:08,971 [INFO] Settings loaded successfully.
2026-07-14 14:37:12,134 [INFO] Auto-connecting to last device: COM9 @ 115200
2026-07-14 14:39:33,046 [INFO] Application starting...
2026-07-14 14:39:33,047 [INFO] Settings loaded successfully.
2026-07-14 14:39:36,138 [INFO] Auto-connecting to last device: COM9 @ 115200
2026-07-14 14:39:36,177 [ERROR] Serial port connection error: could not open port 'COM9': PermissionError(13, 'Access is denied.', None, 5)
2026-07-14 14:39:36,177 [INFO] Reconnecting attempt 1 in 3 seconds...
2026-07-14 14:39:39,177 [ERROR] Serial port connection error: could not open port 'COM9': PermissionError(13, 'Access is denied.', None, 5)
2026-07-14 14:39:39,177 [INFO] Reconnecting attempt 2 in 3 seconds...
2026-07-14 14:39:42,178 [ERROR] Serial port connection error: could not open port 'COM9': PermissionError(13, 'Access is denied.', None, 5)
2026-07-14 14:39:42,178 [INFO] Reconnecting attempt 3 in 3 seconds...
2026-07-14 14:39:45,179 [ERROR] Serial port connection error: could not open port 'COM9': PermissionError(13, 'Access is denied.', None, 5)
2026-07-14 14:39:45,180 [INFO] Reconnecting attempt 4 in 3 seconds...
2026-07-14 14:39:48,181 [ERROR] Serial port connection error: could not open port 'COM9': PermissionError(13, 'Access is denied.', None, 5)
2026-07-14 14:39:48,181 [INFO] Reconnecting attempt 5 in 3 seconds...
2026-07-14 14:39:51,182 [ERROR] Serial port connection error: could not open port 'COM9': PermissionError(13, 'Access is denied.', None, 5)
2026-07-14 14:39:51,182 [INFO] Reconnecting attempt 6 in 3 seconds...
2026-07-14 14:39:54,183 [ERROR] Serial port connection error: could not open port 'COM9': PermissionError(13, 'Access is denied.', None, 5)
2026-07-14 14:39:54,183 [INFO] Reconnecting attempt 7 in 3 seconds...
2026-07-14 14:39:57,184 [ERROR] Serial port connection error: could not open port 'COM9': PermissionError(13, 'Access is denied.', None, 5)
2026-07-14 14:39:57,184 [INFO] Reconnecting attempt 8 in 3 seconds...
2026-07-14 14:40:00,186 [ERROR] Serial port connection error: could not open port 'COM9': PermissionError(13, 'Access is denied.', None, 5)
2026-07-14 14:40:00,186 [INFO] Reconnecting attempt 9 in 3 seconds...
2026-07-14 14:40:03,189 [ERROR] Serial port connection error: could not open port 'COM9': PermissionError(13, 'Access is denied.', None, 5)
2026-07-14 14:40:03,191 [INFO] Reconnecting attempt 10 in 3 seconds...
2026-07-14 14:40:06,192 [ERROR] Serial port connection error: could not open port 'COM9': PermissionError(13, 'Access is denied.', None, 5)
2026-07-14 14:40:06,193 [INFO] Reconnecting attempt 11 in 3 seconds...
2026-07-14 14:40:09,194 [ERROR] Serial port connection error: could not open port 'COM9': PermissionError(13, 'Access is denied.', None, 5)
2026-07-14 14:40:09,195 [INFO] Reconnecting attempt 12 in 3 seconds...
2026-07-14 14:40:12,195 [ERROR] Serial port connection error: could not open port 'COM9': PermissionError(13, 'Access is denied.', None, 5)
2026-07-14 14:40:12,196 [INFO] Reconnecting attempt 13 in 3 seconds...
2026-07-14 14:40:15,197 [ERROR] Serial port connection error: could not open port 'COM9': PermissionError(13, 'Access is denied.', None, 5)
2026-07-14 14:40:15,198 [INFO] Reconnecting attempt 14 in 3 seconds...
2026-07-14 14:40:18,200 [ERROR] Serial port connection error: could not open port 'COM9': PermissionError(13, 'Access is denied.', None, 5)
2026-07-14 14:40:18,201 [INFO] Reconnecting attempt 15 in 3 seconds...
2026-07-14 14:40:21,203 [ERROR] Serial port connection error: could not open port 'COM9': PermissionError(13, 'Access is denied.', None, 5)
2026-07-14 14:40:21,204 [INFO] Reconnecting attempt 16 in 3 seconds...
2026-07-14 14:40:24,207 [ERROR] Serial port connection error: could not open port 'COM9': PermissionError(13, 'Access is denied.', None, 5)
2026-07-14 14:40:24,208 [INFO] Reconnecting attempt 17 in 3 seconds...
2026-07-14 14:40:27,209 [ERROR] Serial port connection error: could not open port 'COM9': PermissionError(13, 'Access is denied.', None, 5)
2026-07-14 14:40:27,210 [INFO] Reconnecting attempt 18 in 3 seconds...
2026-07-14 14:40:30,211 [ERROR] Serial port connection error: could not open port 'COM9': PermissionError(13, 'Access is denied.', None, 5)
2026-07-14 14:40:30,211 [INFO] Reconnecting attempt 19 in 3 seconds...
2026-07-14 14:40:33,212 [ERROR] Serial port connection error: could not open port 'COM9': PermissionError(13, 'Access is denied.', None, 5)
2026-07-14 14:40:33,213 [INFO] Reconnecting attempt 20 in 3 seconds...
2026-07-14 14:40:36,214 [ERROR] Serial port connection error: could not open port 'COM9': PermissionError(13, 'Access is denied.', None, 5)
2026-07-14 14:40:36,215 [INFO] Reconnecting attempt 21 in 3 seconds...
2026-07-14 14:40:39,216 [ERROR] Serial port connection error: could not open port 'COM9': PermissionError(13, 'Access is denied.', None, 5)
2026-07-14 14:40:39,216 [INFO] Reconnecting attempt 22 in 3 seconds...
2026-07-14 14:40:42,219 [ERROR] Serial port connection error: could not open port 'COM9': PermissionError(13, 'Access is denied.', None, 5)
2026-07-14 14:40:42,222 [INFO] Reconnecting attempt 23 in 3 seconds...
2026-07-14 14:40:45,228 [ERROR] Serial port connection error: could not open port 'COM9': PermissionError(13, 'Access is denied.', None, 5)
2026-07-14 14:40:45,229 [INFO] Reconnecting attempt 24 in 3 seconds...
2026-07-14 14:40:48,230 [ERROR] Serial port connection error: could not open port 'COM9': PermissionError(13, 'Access is denied.', None, 5)
2026-07-14 14:40:48,230 [INFO] Reconnecting attempt 25 in 3 seconds...
2026-07-14 14:40:51,231 [ERROR] Serial port connection error: could not open port 'COM9': PermissionError(13, 'Access is denied.', None, 5)
2026-07-14 14:40:51,232 [INFO] Reconnecting attempt 26 in 3 seconds...
2026-07-14 14:40:54,232 [ERROR] Serial port connection error: could not open port 'COM9': PermissionError(13, 'Access is denied.', None, 5)
2026-07-14 14:40:54,233 [INFO] Reconnecting attempt 27 in 3 seconds...
2026-07-14 14:40:57,235 [ERROR] Serial port connection error: could not open port 'COM9': PermissionError(13, 'Access is denied.', None, 5)
2026-07-14 14:40:57,236 [INFO] Reconnecting attempt 28 in 3 seconds...
2026-07-14 14:41:00,238 [ERROR] Serial port connection error: could not open port 'COM9': PermissionError(13, 'Access is denied.', None, 5)
2026-07-14 14:41:00,238 [INFO] Reconnecting attempt 29 in 3 seconds...
2026-07-14 14:41:03,240 [ERROR] Serial port connection error: could not open port 'COM9': PermissionError(13, 'Access is denied.', None, 5)
2026-07-14 14:41:03,240 [INFO] Reconnecting attempt 30 in 3 seconds...
2026-07-14 14:41:04,962 [ERROR] Serial port connection error: ClearCommError failed (PermissionError(13, 'The device does not recognize the command.', None, 22))
2026-07-14 14:41:04,977 [INFO] Reconnecting attempt 1 in 3 seconds...
2026-07-14 14:41:06,241 [ERROR] Serial port connection error: could not open port 'COM9': FileNotFoundError(2, 'The system cannot find the file specified.', None, 2)
2026-07-14 14:41:06,241 [INFO] Reconnecting attempt 31 in 3 seconds...
2026-07-14 14:41:09,243 [ERROR] Serial port connection error: could not open port 'COM9': PermissionError(13, 'Access is denied.', None, 5)
2026-07-14 14:41:09,243 [INFO] Reconnecting attempt 32 in 3 seconds...
2026-07-14 14:41:12,244 [ERROR] Serial port connection error: could not open port 'COM9': PermissionError(13, 'Access is denied.', None, 5)
2026-07-14 14:41:12,244 [INFO] Reconnecting attempt 33 in 3 seconds...
2026-07-14 14:41:15,245 [ERROR] Serial port connection error: could not open port 'COM9': PermissionError(13, 'Access is denied.', None, 5)
2026-07-14 14:41:15,245 [INFO] Reconnecting attempt 34 in 3 seconds...
2026-07-14 14:41:18,246 [ERROR] Serial port connection error: could not open port 'COM9': PermissionError(13, 'Access is denied.', None, 5)
2026-07-14 14:41:18,246 [INFO] Reconnecting attempt 35 in 3 seconds...
2026-07-14 14:41:21,248 [ERROR] Serial port connection error: could not open port 'COM9': PermissionError(13, 'Access is denied.', None, 5)
2026-07-14 14:41:21,248 [INFO] Reconnecting attempt 36 in 3 seconds...
2026-07-14 14:41:24,250 [ERROR] Serial port connection error: could not open port 'COM9': PermissionError(13, 'Access is denied.', None, 5)
2026-07-14 14:41:24,251 [INFO] Reconnecting attempt 37 in 3 seconds...
2026-07-14 14:41:27,252 [ERROR] Serial port connection error: could not open port 'COM9': PermissionError(13, 'Access is denied.', None, 5)
2026-07-14 14:41:27,253 [INFO] Reconnecting attempt 38 in 3 seconds...
2026-07-14 14:41:30,254 [ERROR] Serial port connection error: could not open port 'COM9': PermissionError(13, 'Access is denied.', None, 5)
2026-07-14 14:41:30,255 [INFO] Reconnecting attempt 39 in 3 seconds...
2026-07-14 14:41:33,256 [ERROR] Serial port connection error: could not open port 'COM9': PermissionError(13, 'Access is denied.', None, 5)
2026-07-14 14:41:33,256 [INFO] Reconnecting attempt 40 in 3 seconds...
2026-07-14 14:41:36,261 [ERROR] Serial port connection error: could not open port 'COM9': PermissionError(13, 'Access is denied.', None, 5)
2026-07-14 14:41:36,261 [INFO] Reconnecting attempt 41 in 3 seconds...
2026-07-14 14:41:39,262 [ERROR] Serial port connection error: could not open port 'COM9': PermissionError(13, 'Access is denied.', None, 5)
2026-07-14 14:41:39,263 [INFO] Reconnecting attempt 42 in 3 seconds...
2026-07-14 14:41:42,264 [ERROR] Serial port connection error: could not open port 'COM9': PermissionError(13, 'Access is denied.', None, 5)
2026-07-14 14:41:42,264 [INFO] Reconnecting attempt 43 in 3 seconds...
2026-07-14 14:41:45,266 [ERROR] Serial port connection error: could not open port 'COM9': PermissionError(13, 'Access is denied.', None, 5)
2026-07-14 14:41:45,267 [INFO] Reconnecting attempt 44 in 3 seconds...
2026-07-14 14:41:48,268 [ERROR] Serial port connection error: could not open port 'COM9': PermissionError(13, 'Access is denied.', None, 5)
2026-07-14 14:41:48,269 [INFO] Reconnecting attempt 45 in 3 seconds...
2026-07-14 14:41:51,234 [ERROR] Serial port connection error: ClearCommError failed (PermissionError(13, 'The device does not recognize the command.', None, 22))
2026-07-14 14:41:51,267 [INFO] Reconnecting attempt 1 in 3 seconds...
2026-07-14 14:41:51,271 [ERROR] Serial port connection error: could not open port 'COM9': FileNotFoundError(2, 'The system cannot find the file specified.', None, 2)
2026-07-14 14:41:51,271 [INFO] Reconnecting attempt 46 in 3 seconds...
2026-07-14 14:41:54,268 [ERROR] Serial port connection error: could not open port 'COM9': FileNotFoundError(2, 'The system cannot find the file specified.', None, 2)
2026-07-14 14:41:54,269 [INFO] Reconnecting attempt 2 in 3 seconds...
2026-07-14 14:41:54,272 [ERROR] Serial port connection error: could not open port 'COM9': FileNotFoundError(2, 'The system cannot find the file specified.', None, 2)
2026-07-14 14:41:54,272 [INFO] Reconnecting attempt 47 in 3 seconds...
2026-07-14 14:41:57,270 [ERROR] Serial port connection error: could not open port 'COM9': FileNotFoundError(2, 'The system cannot find the file specified.', None, 2)
2026-07-14 14:41:57,270 [INFO] Reconnecting attempt 3 in 3 seconds...
2026-07-14 14:41:57,273 [ERROR] Serial port connection error: could not open port 'COM9': FileNotFoundError(2, 'The system cannot find the file specified.', None, 2)
2026-07-14 14:41:57,274 [INFO] Reconnecting attempt 48 in 3 seconds...
2026-07-14 14:42:00,272 [ERROR] Serial port connection error: could not open port 'COM9': FileNotFoundError(2, 'The system cannot find the file specified.', None, 2)
2026-07-14 14:42:00,272 [INFO] Reconnecting attempt 4 in 3 seconds...
2026-07-14 14:42:00,275 [ERROR] Serial port connection error: could not open port 'COM9': FileNotFoundError(2, 'The system cannot find the file specified.', None, 2)
2026-07-14 14:42:00,275 [INFO] Reconnecting attempt 49 in 3 seconds...
2026-07-14 14:42:03,273 [ERROR] Serial port connection error: could not open port 'COM9': FileNotFoundError(2, 'The system cannot find the file specified.', None, 2)
2026-07-14 14:42:03,274 [INFO] Reconnecting attempt 5 in 3 seconds...
2026-07-14 14:42:03,276 [ERROR] Serial port connection error: could not open port 'COM9': FileNotFoundError(2, 'The system cannot find the file specified.', None, 2)
2026-07-14 14:42:03,276 [INFO] Reconnecting attempt 50 in 3 seconds...
2026-07-14 14:42:06,275 [ERROR] Serial port connection error: could not open port 'COM9': FileNotFoundError(2, 'The system cannot find the file specified.', None, 2)
2026-07-14 14:42:06,275 [INFO] Reconnecting attempt 6 in 3 seconds...
2026-07-14 14:42:06,277 [ERROR] Serial port connection error: could not open port 'COM9': FileNotFoundError(2, 'The system cannot find the file specified.', None, 2)
2026-07-14 14:42:06,277 [INFO] Reconnecting attempt 51 in 3 seconds...
2026-07-14 14:42:09,276 [ERROR] Serial port connection error: could not open port 'COM9': FileNotFoundError(2, 'The system cannot find the file specified.', None, 2)
2026-07-14 14:42:09,276 [INFO] Reconnecting attempt 7 in 3 seconds...
2026-07-14 14:42:09,278 [ERROR] Serial port connection error: could not open port 'COM9': FileNotFoundError(2, 'The system cannot find the file specified.', None, 2)
2026-07-14 14:42:09,278 [INFO] Reconnecting attempt 52 in 3 seconds...
2026-07-14 14:42:12,277 [ERROR] Serial port connection error: could not open port 'COM9': FileNotFoundError(2, 'The system cannot find the file specified.', None, 2)
2026-07-14 14:42:12,278 [INFO] Reconnecting attempt 8 in 3 seconds...
2026-07-14 14:42:12,280 [ERROR] Serial port connection error: could not open port 'COM9': FileNotFoundError(2, 'The system cannot find the file specified.', None, 2)
2026-07-14 14:42:12,281 [INFO] Reconnecting attempt 53 in 3 seconds...
2026-07-14 14:42:15,279 [ERROR] Serial port connection error: could not open port 'COM9': FileNotFoundError(2, 'The system cannot find the file specified.', None, 2)
2026-07-14 14:42:15,280 [INFO] Reconnecting attempt 9 in 3 seconds...
2026-07-14 14:42:15,282 [ERROR] Serial port connection error: could not open port 'COM9': FileNotFoundError(2, 'The system cannot find the file specified.', None, 2)
2026-07-14 14:42:15,283 [INFO] Reconnecting attempt 54 in 3 seconds...
2026-07-14 14:42:18,282 [ERROR] Serial port connection error: could not open port 'COM9': FileNotFoundError(2, 'The system cannot find the file specified.', None, 2)
2026-07-14 14:42:18,282 [INFO] Reconnecting attempt 10 in 3 seconds...
2026-07-14 14:42:18,284 [ERROR] Serial port connection error: could not open port 'COM9': FileNotFoundError(2, 'The system cannot find the file specified.', None, 2)
2026-07-14 14:42:18,285 [INFO] Reconnecting attempt 55 in 3 seconds...
2026-07-14 14:42:21,283 [ERROR] Serial port connection error: could not open port 'COM9': FileNotFoundError(2, 'The system cannot find the file specified.', None, 2)
2026-07-14 14:42:21,284 [INFO] Reconnecting attempt 11 in 3 seconds...
2026-07-14 14:42:21,286 [ERROR] Serial port connection error: could not open port 'COM9': FileNotFoundError(2, 'The system cannot find the file specified.', None, 2)
2026-07-14 14:42:21,287 [INFO] Reconnecting attempt 56 in 3 seconds...
2026-07-14 14:42:24,285 [ERROR] Serial port connection error: could not open port 'COM9': FileNotFoundError(2, 'The system cannot find the file specified.', None, 2)
2026-07-14 14:42:24,285 [INFO] Reconnecting attempt 12 in 3 seconds...
2026-07-14 14:42:24,288 [ERROR] Serial port connection error: could not open port 'COM9': FileNotFoundError(2, 'The system cannot find the file specified.', None, 2)
2026-07-14 14:42:24,289 [INFO] Reconnecting attempt 57 in 3 seconds...
2026-07-14 14:42:27,286 [ERROR] Serial port connection error: could not open port 'COM9': FileNotFoundError(2, 'The system cannot find the file specified.', None, 2)
2026-07-14 14:42:27,287 [INFO] Reconnecting attempt 13 in 3 seconds...
2026-07-14 14:42:27,290 [ERROR] Serial port connection error: could not open port 'COM9': FileNotFoundError(2, 'The system cannot find the file specified.', None, 2)
2026-07-14 14:42:27,290 [INFO] Reconnecting attempt 58 in 3 seconds...
2026-07-14 14:42:30,288 [ERROR] Serial port connection error: could not open port 'COM9': FileNotFoundError(2, 'The system cannot find the file specified.', None, 2)
2026-07-14 14:42:30,288 [INFO] Reconnecting attempt 14 in 3 seconds...
2026-07-14 14:42:33,290 [ERROR] Serial port connection error: could not open port 'COM9': FileNotFoundError(2, 'The system cannot find the file specified.', None, 2)
2026-07-14 14:42:33,291 [INFO] Reconnecting attempt 15 in 3 seconds...
2026-07-14 14:49:33,133 [ERROR] Serial port connection error: could not open port 'COM9': FileNotFoundError(2, 'The system cannot find the file specified.', None, 2)
2026-07-14 14:49:33,161 [INFO] Reconnecting attempt 16 in 3 seconds...
2026-07-14 14:49:36,162 [ERROR] Serial port connection error: could not open port 'COM9': FileNotFoundError(2, 'The system cannot find the file specified.', None, 2)
2026-07-14 14:49:36,162 [INFO] Reconnecting attempt 17 in 3 seconds...
2026-07-14 20:42:36,190 [ERROR] Serial port connection error: could not open port 'COM9': FileNotFoundError(2, 'The system cannot find the file specified.', None, 2)
2026-07-14 20:42:36,190 [INFO] Reconnecting attempt 18 in 3 seconds...
2026-07-14 20:42:39,191 [ERROR] Serial port connection error: could not open port 'COM9': FileNotFoundError(2, 'The system cannot find the file specified.', None, 2)
2026-07-14 20:42:39,191 [INFO] Reconnecting attempt 19 in 3 seconds...
2026-07-14 23:06:53,101 [ERROR] Serial port connection error: could not open port 'COM9': FileNotFoundError(2, 'The system cannot find the file specified.', None, 2)
2026-07-14 23:06:53,105 [INFO] Reconnecting attempt 20 in 3 seconds...
2026-07-14 23:06:56,106 [ERROR] Serial port connection error: could not open port 'COM9': FileNotFoundError(2, 'The system cannot find the file specified.', None, 2)
2026-07-14 23:06:56,106 [INFO] Reconnecting attempt 21 in 3 seconds...
2026-07-14 23:06:59,108 [ERROR] Serial port connection error: could not open port 'COM9': FileNotFoundError(2, 'The system cannot find the file specified.', None, 2)
2026-07-14 23:06:59,108 [INFO] Reconnecting attempt 22 in 3 seconds...
2026-07-14 23:07:02,109 [ERROR] Serial port connection error: could not open port 'COM9': FileNotFoundError(2, 'The system cannot find the file specified.', None, 2)
2026-07-14 23:07:02,109 [INFO] Reconnecting attempt 23 in 3 seconds...
2026-07-14 23:07:05,110 [ERROR] Serial port connection error: could not open port 'COM9': FileNotFoundError(2, 'The system cannot find the file specified.', None, 2)
2026-07-14 23:07:05,110 [INFO] Reconnecting attempt 24 in 3 seconds...
2026-07-14 23:07:08,111 [ERROR] Serial port connection error: could not open port 'COM9': FileNotFoundError(2, 'The system cannot find the file specified.', None, 2)
2026-07-14 23:07:08,111 [INFO] Reconnecting attempt 25 in 3 seconds...
2026-07-14 23:07:11,112 [ERROR] Serial port connection error: could not open port 'COM9': FileNotFoundError(2, 'The system cannot find the file specified.', None, 2)
2026-07-14 23:07:11,112 [INFO] Reconnecting attempt 26 in 3 seconds...
2026-07-14 23:07:14,112 [ERROR] Serial port connection error: could not open port 'COM9': FileNotFoundError(2, 'The system cannot find the file specified.', None, 2)
2026-07-14 23:07:14,112 [INFO] Reconnecting attempt 27 in 3 seconds...
2026-07-14 23:07:17,113 [ERROR] Serial port connection error: could not open port 'COM9': FileNotFoundError(2, 'The system cannot find the file specified.', None, 2)
2026-07-14 23:07:17,113 [INFO] Reconnecting attempt 28 in 3 seconds...
2026-07-14 23:07:20,113 [ERROR] Serial port connection error: could not open port 'COM9': FileNotFoundError(2, 'The system cannot find the file specified.', None, 2)
2026-07-14 23:07:20,114 [INFO] Reconnecting attempt 29 in 3 seconds...
2026-07-14 23:07:23,115 [ERROR] Serial port connection error: could not open port 'COM9': FileNotFoundError(2, 'The system cannot find the file specified.', None, 2)
2026-07-14 23:07:23,115 [INFO] Reconnecting attempt 30 in 3 seconds...
2026-07-14 23:07:26,116 [ERROR] Serial port connection error: could not open port 'COM9': FileNotFoundError(2, 'The system cannot find the file specified.', None, 2)
2026-07-14 23:07:26,116 [INFO] Reconnecting attempt 31 in 3 seconds...
2026-07-14 23:07:29,116 [ERROR] Serial port connection error: could not open port 'COM9': FileNotFoundError(2, 'The system cannot find the file specified.', None, 2)
2026-07-14 23:07:29,116 [INFO] Reconnecting attempt 32 in 3 seconds...
2026-07-14 23:07:32,117 [ERROR] Serial port connection error: could not open port 'COM9': FileNotFoundError(2, 'The system cannot find the file specified.', None, 2)
2026-07-14 23:07:32,117 [INFO] Reconnecting attempt 33 in 3 seconds...
2026-07-14 23:07:35,118 [ERROR] Serial port connection error: could not open port 'COM9': FileNotFoundError(2, 'The system cannot find the file specified.', None, 2)
2026-07-14 23:07:35,118 [INFO] Reconnecting attempt 34 in 3 seconds...
2026-07-14 23:07:38,122 [ERROR] Serial port connection error: could not open port 'COM9': FileNotFoundError(2, 'The system cannot find the file specified.', None, 2)
2026-07-14 23:07:38,123 [INFO] Reconnecting attempt 35 in 3 seconds...
2026-07-14 23:07:41,123 [ERROR] Serial port connection error: could not open port 'COM9': FileNotFoundError(2, 'The system cannot find the file specified.', None, 2)
2026-07-14 23:07:41,123 [INFO] Reconnecting attempt 36 in 3 seconds...
2026-07-14 23:07:44,125 [ERROR] Serial port connection error: could not open port 'COM9': FileNotFoundError(2, 'The system cannot find the file specified.', None, 2)
2026-07-14 23:07:44,128 [INFO] Reconnecting attempt 37 in 3 seconds...
2026-07-14 23:07:47,129 [ERROR] Serial port connection error: could not open port 'COM9': FileNotFoundError(2, 'The system cannot find the file specified.', None, 2)
2026-07-14 23:07:47,132 [INFO] Reconnecting attempt 38 in 3 seconds...
2026-07-14 23:07:50,133 [ERROR] Serial port connection error: could not open port 'COM9': FileNotFoundError(2, 'The system cannot find the file specified.', None, 2)
2026-07-14 23:07:50,133 [INFO] Reconnecting attempt 39 in 3 seconds...
2026-07-14 23:07:53,134 [ERROR] Serial port connection error: could not open port 'COM9': FileNotFoundError(2, 'The system cannot find the file specified.', None, 2)
2026-07-14 23:07:53,134 [INFO] Reconnecting attempt 40 in 3 seconds...
2026-07-14 23:07:56,135 [ERROR] Serial port connection error: could not open port 'COM9': FileNotFoundError(2, 'The system cannot find the file specified.', None, 2)
2026-07-14 23:07:56,135 [INFO] Reconnecting attempt 41 in 3 seconds...
2026-07-14 23:07:59,136 [ERROR] Serial port connection error: could not open port 'COM9': FileNotFoundError(2, 'The system cannot find the file specified.', None, 2)
2026-07-14 23:07:59,136 [INFO] Reconnecting attempt 42 in 3 seconds...
2026-07-14 23:08:02,137 [ERROR] Serial port connection error: could not open port 'COM9': FileNotFoundError(2, 'The system cannot find the file specified.', None, 2)
2026-07-14 23:08:02,137 [INFO] Reconnecting attempt 43 in 3 seconds...
2026-07-14 23:08:05,138 [ERROR] Serial port connection error: could not open port 'COM9': FileNotFoundError(2, 'The system cannot find the file specified.', None, 2)
2026-07-14 23:08:05,138 [INFO] Reconnecting attempt 44 in 3 seconds...
2026-07-14 23:08:08,139 [ERROR] Serial port connection error: could not open port 'COM9': FileNotFoundError(2, 'The system cannot find the file specified.', None, 2)
2026-07-14 23:08:08,139 [INFO] Reconnecting attempt 45 in 3 seconds...
2026-07-14 23:08:11,139 [ERROR] Serial port connection error: could not open port 'COM9': FileNotFoundError(2, 'The system cannot find the file specified.', None, 2)
2026-07-14 23:08:11,139 [INFO] Reconnecting attempt 46 in 3 seconds...
2026-07-14 23:08:14,140 [ERROR] Serial port connection error: could not open port 'COM9': FileNotFoundError(2, 'The system cannot find the file specified.', None, 2)
2026-07-14 23:08:14,140 [INFO] Reconnecting attempt 47 in 3 seconds...
2026-07-14 23:08:17,141 [ERROR] Serial port connection error: could not open port 'COM9': FileNotFoundError(2, 'The system cannot find the file specified.', None, 2)
2026-07-14 23:08:17,141 [INFO] Reconnecting attempt 48 in 3 seconds...
2026-07-14 23:08:20,142 [ERROR] Serial port connection error: could not open port 'COM9': FileNotFoundError(2, 'The system cannot find the file specified.', None, 2)
2026-07-14 23:08:20,142 [INFO] Reconnecting attempt 49 in 3 seconds...
2026-07-14 23:08:23,142 [ERROR] Serial port connection error: could not open port 'COM9': FileNotFoundError(2, 'The system cannot find the file specified.', None, 2)
2026-07-14 23:08:23,143 [INFO] Reconnecting attempt 50 in 3 seconds...
2026-07-14 23:08:26,147 [ERROR] Serial port connection error: could not open port 'COM9': FileNotFoundError(2, 'The system cannot find the file specified.', None, 2)
2026-07-14 23:08:26,147 [INFO] Reconnecting attempt 51 in 3 seconds...
2026-07-14 23:08:29,148 [ERROR] Serial port connection error: could not open port 'COM9': FileNotFoundError(2, 'The system cannot find the file specified.', None, 2)
2026-07-14 23:08:29,149 [INFO] Reconnecting attempt 52 in 3 seconds...
2026-07-14 23:08:32,150 [ERROR] Serial port connection error: could not open port 'COM9': FileNotFoundError(2, 'The system cannot find the file specified.', None, 2)
2026-07-14 23:08:32,150 [INFO] Reconnecting attempt 53 in 3 seconds...
2026-07-14 23:08:35,151 [ERROR] Serial port connection error: could not open port 'COM9': FileNotFoundError(2, 'The system cannot find the file specified.', None, 2)
2026-07-14 23:08:35,152 [INFO] Reconnecting attempt 54 in 3 seconds...
2026-07-14 23:08:38,187 [ERROR] Serial port connection error: could not open port 'COM9': FileNotFoundError(2, 'The system cannot find the file specified.', None, 2)
2026-07-14 23:08:38,187 [INFO] Reconnecting attempt 55 in 3 seconds...
2026-07-14 23:08:41,188 [ERROR] Serial port connection error: could not open port 'COM9': FileNotFoundError(2, 'The system cannot find the file specified.', None, 2)
2026-07-14 23:08:41,189 [INFO] Reconnecting attempt 56 in 3 seconds...
2026-07-14 23:08:44,190 [ERROR] Serial port connection error: could not open port 'COM9': FileNotFoundError(2, 'The system cannot find the file specified.', None, 2)
2026-07-14 23:08:44,190 [INFO] Reconnecting attempt 57 in 3 seconds...
2026-07-14 23:08:47,197 [ERROR] Serial port connection error: could not open port 'COM9': FileNotFoundError(2, 'The system cannot find the file specified.', None, 2)
2026-07-14 23:08:47,197 [INFO] Reconnecting attempt 58 in 3 seconds...
2026-07-14 23:08:50,198 [ERROR] Serial port connection error: could not open port 'COM9': FileNotFoundError(2, 'The system cannot find the file specified.', None, 2)
2026-07-14 23:08:50,199 [INFO] Reconnecting attempt 59 in 3 seconds...
2026-07-14 23:08:53,200 [ERROR] Serial port connection error: could not open port 'COM9': FileNotFoundError(2, 'The system cannot find the file specified.', None, 2)
2026-07-14 23:08:53,200 [INFO] Reconnecting attempt 60 in 3 seconds...
2026-07-14 23:08:56,201 [ERROR] Serial port connection error: could not open port 'COM9': FileNotFoundError(2, 'The system cannot find the file specified.', None, 2)
2026-07-14 23:08:56,201 [INFO] Reconnecting attempt 61 in 3 seconds...
2026-07-14 23:08:59,203 [ERROR] Serial port connection error: could not open port 'COM9': FileNotFoundError(2, 'The system cannot find the file specified.', None, 2)
2026-07-14 23:08:59,203 [INFO] Reconnecting attempt 62 in 3 seconds...
2026-07-14 23:09:02,204 [ERROR] Serial port connection error: could not open port 'COM9': FileNotFoundError(2, 'The system cannot find the file specified.', None, 2)
2026-07-14 23:09:02,205 [INFO] Reconnecting attempt 63 in 3 seconds...
2026-07-14 23:09:05,206 [ERROR] Serial port connection error: could not open port 'COM9': FileNotFoundError(2, 'The system cannot find the file specified.', None, 2)
2026-07-14 23:09:05,207 [INFO] Reconnecting attempt 64 in 3 seconds...
2026-07-14 23:09:08,208 [ERROR] Serial port connection error: could not open port 'COM9': FileNotFoundError(2, 'The system cannot find the file specified.', None, 2)
2026-07-14 23:09:08,208 [INFO] Reconnecting attempt 65 in 3 seconds...
2026-07-14 23:09:11,210 [ERROR] Serial port connection error: could not open port 'COM9': FileNotFoundError(2, 'The system cannot find the file specified.', None, 2)
2026-07-14 23:09:11,210 [INFO] Reconnecting attempt 66 in 3 seconds...
2026-07-14 23:09:14,211 [ERROR] Serial port connection error: could not open port 'COM9': FileNotFoundError(2, 'The system cannot find the file specified.', None, 2)
2026-07-14 23:09:14,212 [INFO] Reconnecting attempt 67 in 3 seconds...
2026-07-14 23:09:17,220 [ERROR] Serial port connection error: could not open port 'COM9': FileNotFoundError(2, 'The system cannot find the file specified.', None, 2)
2026-07-14 23:09:17,220 [INFO] Reconnecting attempt 68 in 3 seconds...
2026-07-14 23:09:20,221 [ERROR] Serial port connection error: could not open port 'COM9': FileNotFoundError(2, 'The system cannot find the file specified.', None, 2)
2026-07-14 23:09:20,221 [INFO] Reconnecting attempt 69 in 3 seconds...
2026-07-14 23:09:23,222 [ERROR] Serial port connection error: could not open port 'COM9': FileNotFoundError(2, 'The system cannot find the file specified.', None, 2)
2026-07-14 23:09:23,222 [INFO] Reconnecting attempt 70 in 3 seconds...
2026-07-14 23:09:26,225 [ERROR] Serial port connection error: could not open port 'COM9': FileNotFoundError(2, 'The system cannot find the file specified.', None, 2)
2026-07-14 23:09:26,226 [INFO] Reconnecting attempt 71 in 3 seconds...
2026-07-14 23:09:29,227 [ERROR] Serial port connection error: could not open port 'COM9': FileNotFoundError(2, 'The system cannot find the file specified.', None, 2)
2026-07-14 23:09:29,227 [INFO] Reconnecting attempt 72 in 3 seconds...
2026-07-14 23:09:32,229 [ERROR] Serial port connection error: could not open port 'COM9': FileNotFoundError(2, 'The system cannot find the file specified.', None, 2)
2026-07-14 23:09:32,229 [INFO] Reconnecting attempt 73 in 3 seconds...
2026-07-14 23:09:35,230 [ERROR] Serial port connection error: could not open port 'COM9': FileNotFoundError(2, 'The system cannot find the file specified.', None, 2)
2026-07-14 23:09:35,230 [INFO] Reconnecting attempt 74 in 3 seconds...
2026-07-14 23:09:38,235 [ERROR] Serial port connection error: could not open port 'COM9': FileNotFoundError(2, 'The system cannot find the file specified.', None, 2)
2026-07-14 23:09:38,237 [INFO] Reconnecting attempt 75 in 3 seconds...
2026-07-14 23:09:41,240 [ERROR] Serial port connection error: could not open port 'COM9': FileNotFoundError(2, 'The system cannot find the file specified.', None, 2)
2026-07-14 23:09:41,241 [INFO] Reconnecting attempt 76 in 3 seconds...
2026-07-14 23:09:44,243 [ERROR] Serial port connection error: could not open port 'COM9': FileNotFoundError(2, 'The system cannot find the file specified.', None, 2)
2026-07-14 23:09:44,244 [INFO] Reconnecting attempt 77 in 3 seconds...
2026-07-14 23:09:47,245 [ERROR] Serial port connection error: could not open port 'COM9': FileNotFoundError(2, 'The system cannot find the file specified.', None, 2)
2026-07-14 23:09:47,245 [INFO] Reconnecting attempt 78 in 3 seconds...
2026-07-14 23:09:50,246 [ERROR] Serial port connection error: could not open port 'COM9': FileNotFoundError(2, 'The system cannot find the file specified.', None, 2)
2026-07-14 23:09:50,247 [INFO] Reconnecting attempt 79 in 3 seconds...
2026-07-14 23:09:53,248 [ERROR] Serial port connection error: could not open port 'COM9': FileNotFoundError(2, 'The system cannot find the file specified.', None, 2)
2026-07-14 23:09:53,248 [INFO] Reconnecting attempt 80 in 3 seconds...
2026-07-14 23:09:56,249 [ERROR] Serial port connection error: could not open port 'COM9': FileNotFoundError(2, 'The system cannot find the file specified.', None, 2)
2026-07-14 23:09:56,249 [INFO] Reconnecting attempt 81 in 3 seconds...
2026-07-14 23:09:59,251 [ERROR] Serial port connection error: could not open port 'COM9': FileNotFoundError(2, 'The system cannot find the file specified.', None, 2)
2026-07-14 23:09:59,252 [INFO] Reconnecting attempt 82 in 3 seconds...
2026-07-14 23:10:02,253 [ERROR] Serial port connection error: could not open port 'COM9': FileNotFoundError(2, 'The system cannot find the file specified.', None, 2)
2026-07-14 23:10:02,253 [INFO] Reconnecting attempt 83 in 3 seconds...
2026-07-14 23:10:05,254 [ERROR] Serial port connection error: could not open port 'COM9': FileNotFoundError(2, 'The system cannot find the file specified.', None, 2)
2026-07-14 23:10:05,255 [INFO] Reconnecting attempt 84 in 3 seconds...
2026-07-14 23:10:08,256 [ERROR] Serial port connection error: could not open port 'COM9': FileNotFoundError(2, 'The system cannot find the file specified.', None, 2)
2026-07-14 23:10:08,256 [INFO] Reconnecting attempt 85 in 3 seconds...
2026-07-14 23:10:11,257 [ERROR] Serial port connection error: could not open port 'COM9': FileNotFoundError(2, 'The system cannot find the file specified.', None, 2)
2026-07-14 23:10:11,257 [INFO] Reconnecting attempt 86 in 3 seconds...
2026-07-14 23:10:14,258 [ERROR] Serial port connection error: could not open port 'COM9': FileNotFoundError(2, 'The system cannot find the file specified.', None, 2)
2026-07-14 23:10:14,259 [INFO] Reconnecting attempt 87 in 3 seconds...
2026-07-14 23:10:17,259 [ERROR] Serial port connection error: could not open port 'COM9': FileNotFoundError(2, 'The system cannot find the file specified.', None, 2)
2026-07-14 23:10:17,260 [INFO] Reconnecting attempt 88 in 3 seconds...
2026-07-14 23:10:20,260 [ERROR] Serial port connection error: could not open port 'COM9': FileNotFoundError(2, 'The system cannot find the file specified.', None, 2)
2026-07-14 23:10:20,260 [INFO] Reconnecting attempt 89 in 3 seconds...
2026-07-14 23:10:23,261 [ERROR] Serial port connection error: could not open port 'COM9': FileNotFoundError(2, 'The system cannot find the file specified.', None, 2)
2026-07-14 23:10:23,261 [INFO] Reconnecting attempt 90 in 3 seconds...
2026-07-14 23:10:26,262 [ERROR] Serial port connection error: could not open port 'COM9': FileNotFoundError(2, 'The system cannot find the file specified.', None, 2)
2026-07-14 23:10:26,262 [INFO] Reconnecting attempt 91 in 3 seconds...
2026-07-14 23:10:29,263 [ERROR] Serial port connection error: could not open port 'COM9': FileNotFoundError(2, 'The system cannot find the file specified.', None, 2)
2026-07-14 23:10:29,264 [INFO] Reconnecting attempt 92 in 3 seconds...
2026-07-14 23:10:32,265 [ERROR] Serial port connection error: could not open port 'COM9': FileNotFoundError(2, 'The system cannot find the file specified.', None, 2)
2026-07-14 23:10:32,266 [INFO] Reconnecting attempt 93 in 3 seconds...
2026-07-14 23:10:35,267 [ERROR] Serial port connection error: could not open port 'COM9': FileNotFoundError(2, 'The system cannot find the file specified.', None, 2)
2026-07-14 23:10:35,267 [INFO] Reconnecting attempt 94 in 3 seconds...
2026-07-14 23:10:38,268 [ERROR] Serial port connection error: could not open port 'COM9': FileNotFoundError(2, 'The system cannot find the file specified.', None, 2)
2026-07-14 23:10:38,269 [INFO] Reconnecting attempt 95 in 3 seconds...
2026-07-14 23:10:41,271 [ERROR] Serial port connection error: could not open port 'COM9': FileNotFoundError(2, 'The system cannot find the file specified.', None, 2)
2026-07-14 23:10:41,273 [INFO] Reconnecting attempt 96 in 3 seconds...
2026-07-14 23:10:44,273 [ERROR] Serial port connection error: could not open port 'COM9': FileNotFoundError(2, 'The system cannot find the file specified.', None, 2)
2026-07-14 23:10:44,274 [INFO] Reconnecting attempt 97 in 3 seconds...
2026-07-14 23:10:47,274 [ERROR] Serial port connection error: could not open port 'COM9': FileNotFoundError(2, 'The system cannot find the file specified.', None, 2)
2026-07-14 23:10:47,275 [INFO] Reconnecting attempt 98 in 3 seconds...
2026-07-14 23:10:50,275 [ERROR] Serial port connection error: could not open port 'COM9': FileNotFoundError(2, 'The system cannot find the file specified.', None, 2)
2026-07-14 23:10:50,275 [INFO] Reconnecting attempt 99 in 3 seconds...
2026-07-14 23:10:53,276 [ERROR] Serial port connection error: could not open port 'COM9': FileNotFoundError(2, 'The system cannot find the file specified.', None, 2)
2026-07-14 23:10:53,276 [INFO] Reconnecting attempt 100 in 3 seconds...
2026-07-14 23:10:56,277 [ERROR] Serial port connection error: could not open port 'COM9': FileNotFoundError(2, 'The system cannot find the file specified.', None, 2)
2026-07-14 23:10:56,277 [INFO] Reconnecting attempt 101 in 3 seconds...
2026-07-14 23:10:59,278 [ERROR] Serial port connection error: could not open port 'COM9': FileNotFoundError(2, 'The system cannot find the file specified.', None, 2)
2026-07-14 23:10:59,278 [INFO] Reconnecting attempt 102 in 3 seconds...
2026-07-14 23:11:02,279 [ERROR] Serial port connection error: could not open port 'COM9': FileNotFoundError(2, 'The system cannot find the file specified.', None, 2)
2026-07-14 23:11:02,280 [INFO] Reconnecting attempt 103 in 3 seconds...
2026-07-14 23:11:05,280 [ERROR] Serial port connection error: could not open port 'COM9': FileNotFoundError(2, 'The system cannot find the file specified.', None, 2)
2026-07-14 23:11:05,281 [INFO] Reconnecting attempt 104 in 3 seconds...
2026-07-14 23:11:08,282 [ERROR] Serial port connection error: could not open port 'COM9': FileNotFoundError(2, 'The system cannot find the file specified.', None, 2)
2026-07-14 23:11:08,283 [INFO] Reconnecting attempt 105 in 3 seconds...
2026-07-14 23:11:11,283 [ERROR] Serial port connection error: could not open port 'COM9': FileNotFoundError(2, 'The system cannot find the file specified.', None, 2)
2026-07-14 23:11:11,283 [INFO] Reconnecting attempt 106 in 3 seconds...
2026-07-14 23:11:14,284 [ERROR] Serial port connection error: could not open port 'COM9': FileNotFoundError(2, 'The system cannot find the file specified.', None, 2)
2026-07-14 23:11:14,284 [INFO] Reconnecting attempt 107 in 3 seconds...
2026-07-14 23:11:17,286 [ERROR] Serial port connection error: could not open port 'COM9': FileNotFoundError(2, 'The system cannot find the file specified.', None, 2)
2026-07-14 23:11:17,286 [INFO] Reconnecting attempt 108 in 3 seconds...
2026-07-14 23:11:20,289 [ERROR] Serial port connection error: could not open port 'COM9': FileNotFoundError(2, 'The system cannot find the file specified.', None, 2)
2026-07-14 23:11:20,289 [INFO] Reconnecting attempt 109 in 3 seconds...
2026-07-14 23:11:23,290 [ERROR] Serial port connection error: could not open port 'COM9': FileNotFoundError(2, 'The system cannot find the file specified.', None, 2)
2026-07-14 23:11:23,291 [INFO] Reconnecting attempt 110 in 3 seconds...
2026-07-14 23:11:26,291 [ERROR] Serial port connection error: could not open port 'COM9': FileNotFoundError(2, 'The system cannot find the file specified.', None, 2)
2026-07-14 23:11:26,291 [INFO] Reconnecting attempt 111 in 3 seconds...
2026-07-14 23:11:29,292 [ERROR] Serial port connection error: could not open port 'COM9': FileNotFoundError(2, 'The system cannot find the file specified.', None, 2)
2026-07-14 23:11:29,293 [INFO] Reconnecting attempt 112 in 3 seconds...
2026-07-14 23:11:32,294 [ERROR] Serial port connection error: could not open port 'COM9': FileNotFoundError(2, 'The system cannot find the file specified.', None, 2)
2026-07-14 23:11:32,294 [INFO] Reconnecting attempt 113 in 3 seconds...
2026-07-14 23:11:35,295 [ERROR] Serial port connection error: could not open port 'COM9': FileNotFoundError(2, 'The system cannot find the file specified.', None, 2)
2026-07-14 23:11:35,296 [INFO] Reconnecting attempt 114 in 3 seconds...
2026-07-14 23:11:38,297 [ERROR] Serial port connection error: could not open port 'COM9': FileNotFoundError(2, 'The system cannot find the file specified.', None, 2)
2026-07-14 23:11:38,297 [INFO] Reconnecting attempt 115 in 3 seconds...
2026-07-14 23:11:41,298 [ERROR] Serial port connection error: could not open port 'COM9': FileNotFoundError(2, 'The system cannot find the file specified.', None, 2)
2026-07-14 23:11:41,298 [INFO] Reconnecting attempt 116 in 3 seconds...
2026-07-14 23:11:44,299 [ERROR] Serial port connection error: could not open port 'COM9': FileNotFoundError(2, 'The system cannot find the file specified.', None, 2)
2026-07-14 23:11:44,300 [INFO] Reconnecting attempt 117 in 3 seconds...
2026-07-14 23:11:47,301 [ERROR] Serial port connection error: could not open port 'COM9': FileNotFoundError(2, 'The system cannot find the file specified.', None, 2)
2026-07-14 23:11:47,301 [INFO] Reconnecting attempt 118 in 3 seconds...
2026-07-14 23:11:50,302 [ERROR] Serial port connection error: could not open port 'COM9': FileNotFoundError(2, 'The system cannot find the file specified.', None, 2)
2026-07-14 23:11:50,303 [INFO] Reconnecting attempt 119 in 3 seconds...
2026-07-14 23:11:53,304 [ERROR] Serial port connection error: could not open port 'COM9': FileNotFoundError(2, 'The system cannot find the file specified.', None, 2)
2026-07-14 23:11:53,304 [INFO] Reconnecting attempt 120 in 3 seconds...
2026-07-14 23:11:56,305 [ERROR] Serial port connection error: could not open port 'COM9': FileNotFoundError(2, 'The system cannot find the file specified.', None, 2)
2026-07-14 23:11:56,306 [INFO] Reconnecting attempt 121 in 3 seconds...
2026-07-14 23:11:59,307 [ERROR] Serial port connection error: could not open port 'COM9': FileNotFoundError(2, 'The system cannot find the file specified.', None, 2)
2026-07-14 23:11:59,307 [INFO] Reconnecting attempt 122 in 3 seconds...
2026-07-14 23:12:02,308 [ERROR] Serial port connection error: could not open port 'COM9': FileNotFoundError(2, 'The system cannot find the file specified.', None, 2)
2026-07-14 23:12:02,308 [INFO] Reconnecting attempt 123 in 3 seconds...
2026-07-14 23:12:05,309 [ERROR] Serial port connection error: could not open port 'COM9': FileNotFoundError(2, 'The system cannot find the file specified.', None, 2)
2026-07-14 23:12:05,309 [INFO] Reconnecting attempt 124 in 3 seconds...
2026-07-14 23:12:08,310 [ERROR] Serial port connection error: could not open port 'COM9': FileNotFoundError(2, 'The system cannot find the file specified.', None, 2)
2026-07-14 23:12:08,311 [INFO] Reconnecting attempt 125 in 3 seconds...
2026-07-14 23:12:11,311 [ERROR] Serial port connection error: could not open port 'COM9': FileNotFoundError(2, 'The system cannot find the file specified.', None, 2)
2026-07-14 23:12:11,312 [INFO] Reconnecting attempt 126 in 3 seconds...
2026-07-14 23:12:14,313 [ERROR] Serial port connection error: could not open port 'COM9': FileNotFoundError(2, 'The system cannot find the file specified.', None, 2)
2026-07-14 23:12:14,313 [INFO] Reconnecting attempt 127 in 3 seconds...
2026-07-14 23:12:17,318 [ERROR] Serial port connection error: could not open port 'COM9': FileNotFoundError(2, 'The system cannot find the file specified.', None, 2)
2026-07-14 23:12:17,318 [INFO] Reconnecting attempt 128 in 3 seconds...
2026-07-14 23:12:20,319 [ERROR] Serial port connection error: could not open port 'COM9': FileNotFoundError(2, 'The system cannot find the file specified.', None, 2)
2026-07-14 23:12:20,319 [INFO] Reconnecting attempt 129 in 3 seconds...
2026-07-14 23:12:23,320 [ERROR] Serial port connection error: could not open port 'COM9': FileNotFoundError(2, 'The system cannot find the file specified.', None, 2)
2026-07-14 23:12:23,320 [INFO] Reconnecting attempt 130 in 3 seconds...
2026-07-14 23:12:26,322 [ERROR] Serial port connection error: could not open port 'COM9': FileNotFoundError(2, 'The system cannot find the file specified.', None, 2)
2026-07-14 23:12:26,322 [INFO] Reconnecting attempt 131 in 3 seconds...
2026-07-14 23:12:29,323 [ERROR] Serial port connection error: could not open port 'COM9': FileNotFoundError(2, 'The system cannot find the file specified.', None, 2)
2026-07-14 23:12:29,323 [INFO] Reconnecting attempt 132 in 3 seconds...
2026-07-14 23:12:32,327 [ERROR] Serial port connection error: could not open port 'COM9': FileNotFoundError(2, 'The system cannot find the file specified.', None, 2)
2026-07-14 23:12:32,327 [INFO] Reconnecting attempt 133 in 3 seconds...
2026-07-14 23:12:35,328 [ERROR] Serial port connection error: could not open port 'COM9': FileNotFoundError(2, 'The system cannot find the file specified.', None, 2)
2026-07-14 23:12:35,328 [INFO] Reconnecting attempt 134 in 3 seconds...
2026-07-14 23:12:38,329 [ERROR] Serial port connection error: could not open port 'COM9': FileNotFoundError(2, 'The system cannot find the file specified.', None, 2)
2026-07-14 23:12:38,329 [INFO] Reconnecting attempt 135 in 3 seconds...
2026-07-14 23:12:41,331 [ERROR] Serial port connection error: could not open port 'COM9': FileNotFoundError(2, 'The system cannot find the file specified.', None, 2)
2026-07-14 23:12:41,331 [INFO] Reconnecting attempt 136 in 3 seconds...
2026-07-14 23:12:44,333 [ERROR] Serial port connection error: could not open port 'COM9': FileNotFoundError(2, 'The system cannot find the file specified.', None, 2)
2026-07-14 23:12:44,334 [INFO] Reconnecting attempt 137 in 3 seconds...
2026-07-14 23:12:47,334 [ERROR] Serial port connection error: could not open port 'COM9': FileNotFoundError(2, 'The system cannot find the file specified.', None, 2)
2026-07-14 23:12:47,334 [INFO] Reconnecting attempt 138 in 3 seconds...
2026-07-14 23:12:50,336 [ERROR] Serial port connection error: could not open port 'COM9': FileNotFoundError(2, 'The system cannot find the file specified.', None, 2)
2026-07-14 23:12:50,336 [INFO] Reconnecting attempt 139 in 3 seconds...
2026-07-14 23:12:53,340 [ERROR] Serial port connection error: could not open port 'COM9': FileNotFoundError(2, 'The system cannot find the file specified.', None, 2)
2026-07-14 23:12:53,341 [INFO] Reconnecting attempt 140 in 3 seconds...
2026-07-14 23:12:56,342 [ERROR] Serial port connection error: could not open port 'COM9': FileNotFoundError(2, 'The system cannot find the file specified.', None, 2)
2026-07-14 23:12:56,342 [INFO] Reconnecting attempt 141 in 3 seconds...
2026-07-14 23:12:59,343 [ERROR] Serial port connection error: could not open port 'COM9': FileNotFoundError(2, 'The system cannot find the file specified.', None, 2)
2026-07-14 23:12:59,343 [INFO] Reconnecting attempt 142 in 3 seconds...
2026-07-14 23:13:02,344 [ERROR] Serial port connection error: could not open port 'COM9': FileNotFoundError(2, 'The system cannot find the file specified.', None, 2)
2026-07-14 23:13:02,345 [INFO] Reconnecting attempt 143 in 3 seconds...
2026-07-14 23:13:05,346 [ERROR] Serial port connection error: could not open port 'COM9': FileNotFoundError(2, 'The system cannot find the file specified.', None, 2)
2026-07-14 23:13:05,346 [INFO] Reconnecting attempt 144 in 3 seconds...
2026-07-14 23:13:08,347 [ERROR] Serial port connection error: could not open port 'COM9': FileNotFoundError(2, 'The system cannot find the file specified.', None, 2)
2026-07-14 23:13:08,347 [INFO] Reconnecting attempt 145 in 3 seconds...
2026-07-14 23:13:11,348 [ERROR] Serial port connection error: could not open port 'COM9': FileNotFoundError(2, 'The system cannot find the file specified.', None, 2)
2026-07-14 23:13:11,348 [INFO] Reconnecting attempt 146 in 3 seconds...
2026-07-14 23:13:14,350 [ERROR] Serial port connection error: could not open port 'COM9': FileNotFoundError(2, 'The system cannot find the file specified.', None, 2)
2026-07-14 23:13:14,350 [INFO] Reconnecting attempt 147 in 3 seconds...
2026-07-14 23:13:17,351 [ERROR] Serial port connection error: could not open port 'COM9': FileNotFoundError(2, 'The system cannot find the file specified.', None, 2)
2026-07-14 23:13:17,352 [INFO] Reconnecting attempt 148 in 3 seconds...
2026-07-14 23:13:20,353 [ERROR] Serial port connection error: could not open port 'COM9': FileNotFoundError(2, 'The system cannot find the file specified.', None, 2)
2026-07-14 23:13:20,353 [INFO] Reconnecting attempt 149 in 3 seconds...
2026-07-14 23:13:23,354 [ERROR] Serial port connection error: could not open port 'COM9': FileNotFoundError(2, 'The system cannot find the file specified.', None, 2)
2026-07-14 23:13:23,355 [INFO] Reconnecting attempt 150 in 3 seconds...
2026-07-14 23:13:26,356 [ERROR] Serial port connection error: could not open port 'COM9': FileNotFoundError(2, 'The system cannot find the file specified.', None, 2)
2026-07-14 23:13:26,356 [INFO] Reconnecting attempt 151 in 3 seconds...
2026-07-14 23:13:29,357 [ERROR] Serial port connection error: could not open port 'COM9': FileNotFoundError(2, 'The system cannot find the file specified.', None, 2)
2026-07-14 23:13:29,358 [INFO] Reconnecting attempt 152 in 3 seconds...
2026-07-14 23:13:32,359 [ERROR] Serial port connection error: could not open port 'COM9': FileNotFoundError(2, 'The system cannot find the file specified.', None, 2)
2026-07-14 23:13:32,359 [INFO] Reconnecting attempt 153 in 3 seconds...
2026-07-14 23:13:35,360 [ERROR] Serial port connection error: could not open port 'COM9': FileNotFoundError(2, 'The system cannot find the file specified.', None, 2)
2026-07-14 23:13:35,361 [INFO] Reconnecting attempt 154 in 3 seconds...
2026-07-14 23:13:38,366 [ERROR] Serial port connection error: could not open port 'COM9': FileNotFoundError(2, 'The system cannot find the file specified.', None, 2)
2026-07-14 23:13:38,366 [INFO] Reconnecting attempt 155 in 3 seconds...
2026-07-14 23:13:41,367 [ERROR] Serial port connection error: could not open port 'COM9': FileNotFoundError(2, 'The system cannot find the file specified.', None, 2)
2026-07-14 23:13:41,368 [INFO] Reconnecting attempt 156 in 3 seconds...
2026-07-14 23:13:44,369 [ERROR] Serial port connection error: could not open port 'COM9': FileNotFoundError(2, 'The system cannot find the file specified.', None, 2)
2026-07-14 23:13:44,369 [INFO] Reconnecting attempt 157 in 3 seconds...
2026-07-14 23:13:47,370 [ERROR] Serial port connection error: could not open port 'COM9': FileNotFoundError(2, 'The system cannot find the file specified.', None, 2)
2026-07-14 23:13:47,371 [INFO] Reconnecting attempt 158 in 3 seconds...
2026-07-14 23:13:50,371 [ERROR] Serial port connection error: could not open port 'COM9': FileNotFoundError(2, 'The system cannot find the file specified.', None, 2)
2026-07-14 23:13:50,372 [INFO] Reconnecting attempt 159 in 3 seconds...
2026-07-14 23:13:53,374 [ERROR] Serial port connection error: could not open port 'COM9': FileNotFoundError(2, 'The system cannot find the file specified.', None, 2)
2026-07-14 23:13:53,375 [INFO] Reconnecting attempt 160 in 3 seconds...
2026-07-14 23:13:56,376 [ERROR] Serial port connection error: could not open port 'COM9': FileNotFoundError(2, 'The system cannot find the file specified.', None, 2)
2026-07-14 23:13:56,376 [INFO] Reconnecting attempt 161 in 3 seconds...
2026-07-14 23:13:59,378 [ERROR] Serial port connection error: could not open port 'COM9': FileNotFoundError(2, 'The system cannot find the file specified.', None, 2)
2026-07-14 23:13:59,378 [INFO] Reconnecting attempt 162 in 3 seconds...
2026-07-14 23:14:02,379 [ERROR] Serial port connection error: could not open port 'COM9': FileNotFoundError(2, 'The system cannot find the file specified.', None, 2)
2026-07-14 23:14:02,379 [INFO] Reconnecting attempt 163 in 3 seconds...
2026-07-14 23:14:05,381 [ERROR] Serial port connection error: could not open port 'COM9': FileNotFoundError(2, 'The system cannot find the file specified.', None, 2)
2026-07-14 23:14:05,382 [INFO] Reconnecting attempt 164 in 3 seconds...
2026-07-14 23:14:08,383 [ERROR] Serial port connection error: could not open port 'COM9': FileNotFoundError(2, 'The system cannot find the file specified.', None, 2)
2026-07-14 23:14:08,383 [INFO] Reconnecting attempt 165 in 3 seconds...
2026-07-14 23:14:11,384 [ERROR] Serial port connection error: could not open port 'COM9': FileNotFoundError(2, 'The system cannot find the file specified.', None, 2)
2026-07-14 23:14:11,384 [INFO] Reconnecting attempt 166 in 3 seconds...
2026-07-14 23:14:14,385 [ERROR] Serial port connection error: could not open port 'COM9': FileNotFoundError(2, 'The system cannot find the file specified.', None, 2)
2026-07-14 23:14:14,386 [INFO] Reconnecting attempt 167 in 3 seconds...
